Player,Avg Approach >100
Corey Conners (2019),29.58
Justin Thomas (2019),29.75
Patrick Cantlay (2019),29.92
Adam Svensson (2019),29.92
Tom Hoge (2019),30
Chez Reavie (2019),30
Adam Scott (2019),30.17
Rory McIlroy (2019),30.25
Gary Woodland (2019),30.42
Jason Kokrak (2019),30.5
Brooks Koepka (2019),30.5
Talor Gooch (2019),30.5
Hideki Matsuyama (2019),30.67
Charley Hoffman (2019),30.67
Ryan Armour (2019),30.83
Justin Rose (2019),30.92
Russell Henley (2019),30.92
Whee Kim (2019),30.92
Joel Dahmen (2019),31
Chesson Hadley (2019),31
Jim Furyk (2019),31
Nick Watney (2019),31
Keegan Bradley (2019),31.08
Joaquin Niemann (2019),31.08
Emiliano Grillo (2019),31.17
Josh Teater (2019),31.25
Vaughn Taylor (2019),31.25
Paul Casey (2019),31.33
Bronson Burgoon (2019),31.33
Rickie Fowler (2019),31.33
Adam Hadwin (2019),31.33
Russell Knox (2019),31.42
Kyle Stanley (2019),31.42
Ryan Palmer (2019),31.42
Marc Leishman (2019),31.67
Tyrrell Hatton (2019),31.67
Trey Mullinax (2019),31.67
Abraham Ancer (2019),31.75
Sam Ryder (2019),31.75
Tyler Duncan (2019),31.83
Cameron Smith (2019),31.83
Tony Finau (2019),31.83
Andrew Landry (2019),31.83
J.B. Holmes (2019),31.83
Jason Dufner (2019),31.83
Phil Mickelson (2019),31.92
Byeong Hun An (2019),31.92
Hank Lebioda (2019),31.92
Sepp Straka (2019),31.92
Max Homa (2019),32
Roger Sloan (2019),32
Roberto Castro (2019),32.08
Alex Cejka (2019),32.08
Louis Oosthuizen (2019),32.17
Zach Johnson (2019),32.17
Nate Lashley (2019),32.17
Troy Merritt (2019),32.17
Xander Schauffele (2019),32.17
Harold Varner III (2019),32.17
Chase Wright (2019),32.25
Kramer Hickok (2019),32.25
Brian Stuard (2019),32.25
Scott Stallings (2019),32.25
Wes Roach (2019),32.25
Brandon Harkins (2019),32.33
Tommy Fleetwood (2019),32.33
Shawn Stefani (2019),32.33
Webb Simpson (2019),32.33
Scott Piercy (2019),32.33
Lucas Glover (2019),32.33
Brendan Steele (2019),32.42
Dustin Johnson (2019),32.42
Alex Prugh (2019),32.42
J.T. Poston (2019),32.42
Sebastián Muñoz (2019),32.42
Jon Rahm (2019),32.42
Austin Cook (2019),32.5
Scott Brown (2019),32.5
Hudson Swafford (2019),32.58
Kevin Kisner (2019),32.67
Brian Harman (2019),32.75
Ryan Moore (2019),32.75
Adam Schenk (2019),32.75
Cody Gribble (2019),32.75
Anders Albertson (2019),32.83
Peter Uihlein (2019),32.83
Brady Schnell (2019),32.83
Jim Herman (2019),32.83
Branden Grace (2019),32.92
Danny Lee (2019),32.92
Bryson DeChambeau (2019),32.92
Fabián Gómez (2019),33
David Hearn (2019),33
Jason Day (2019),33.08
Sam Saunders (2019),33.08
Ian Poulter (2019),33.08
Bud Cauley (2019),33.08
Adam Long (2019),33.17
Matt Kuchar (2019),33.17
Jonas Blixt (2019),33.17
Jhonattan Vegas (2019),33.17
Kevin Streelman (2019),33.17
Michael Kim (2019),33.17
Sung Kang (2019),33.25
Andrew Putnam (2019),33.25
C.T. Pan (2019),33.25
Danny Willett (2019),33.33
Peter Malnati (2019),33.33
Richy Werenski (2019),33.33
Daniel Berger (2019),33.42
Scott Langley (2019),33.42
Michael Thompson (2019),33.42
Martin Laird (2019),33.42
Luke List (2019),33.42
Sergio Garcia (2019),33.5
Cameron Tringale (2019),33.5
Carlos Ortiz (2019),33.5
Keith Mitchell (2019),33.5
Matthew Fitzpatrick (2019),33.67
Cameron Davis (2019),33.67
Patton Kizzire (2019),33.67
Henrik Stenson (2019),33.67
Rory Sabbatini (2019),33.75
Si Woo Kim (2019),33.75
Sam Burns (2019),33.75
Cameron Champ (2019),33.75
Dylan Frittelli (2019),33.83
Satoshi Kodaira (2019),33.83
Patrick Reed (2019),33.83
Robert Streb (2019),33.83
Kelly Kraft (2019),33.92
"Ted Potter, Jr. (2019)",33.92
Aaron Wise (2019),33.92
Sungjae Im (2019),33.92
Francesco Molinari (2019),34.08
Graeme McDowell (2019),34.08
Jimmy Walker (2019),34.08
Anirban Lahiri (2019),34.08
Stephan Jaeger (2019),34.17
Bubba Watson (2019),34.17
Brice Garnett (2019),34.17
Ollie Schniederjans (2019),34.17
Ben Silverman (2019),34.25
Joey Garber (2019),34.33
Billy Horschel (2019),34.33
José de Jesús Rodríguez (2019),34.33
Seamus Power (2019),34.42
Johnson Wagner (2019),34.42
Freddie Jacobson (2019),34.42
J.J. Henry (2019),34.42
Jonathan Byrd (2019),34.5
Kevin Na (2019),34.5
Jim Knous (2019),34.5
Mackenzie Hughes (2019),34.5
Roberto Díaz (2019),34.58
Kyoung-Hoon Lee (2019),34.67
Charles Howell III (2019),34.67
Chris Stroud (2019),34.67
Nick Taylor (2019),34.75
Matt Jones (2019),34.75
Patrick Rodgers (2019),34.75
Seth Reeves (2019),34.75
Jordan Spieth (2019),34.83
Rod Pampling (2019),34.83
Brian Gay (2019),34.92
J.J. Spaun (2019),34.92
Dominic Bozzelli (2019),34.92
Alex Noren (2019),35
Kevin Tway (2019),35
Julián Etulain (2019),35.08
Pat Perez (2019),35.08
Denny McCarthy (2019),35.08
Ernie Els (2019),35.17
Brandt Snedeker (2019),35.17
John Chin (2019),35.33
Wyndham Clark (2019),35.33
Ryan Blaum (2019),35.42
Sangmoon Bae (2019),35.42
Hunter Mahan (2019),35.42
Kiradech Aphibarnrat (2019),35.5
Harris English (2019),35.67
Bill Haas (2019),35.75
Kyle Jones (2019),35.75
Beau Hossler (2019),36.08
Aaron Baddeley (2019),36.25
Curtis Luck (2019),36.25
Rafa Cabrera Bello (2019),36.33
Martin Trainer (2019),39.08
Tyrone Van Aswegen (2015),28.42
Lucas Glover (2015),28.58
Paul Casey (2015),29.25
Byron Smith (2015),29.42
Jim Furyk (2015),29.67
Tom Hoge (2015),29.67
Russell Knox (2015),29.75
Stewart Cink (2015),29.83
Jason Gore (2015),29.83
Jim Herman (2015),29.83
Chez Reavie (2015),30.08
Whee Kim (2015),30.08
Roberto Castro (2015),30.17
Greg Owen (2015),30.17
Jason Bohn (2015),30.25
Ryo Ishikawa (2015),30.25
Bo Van Pelt (2015),30.33
Hudson Swafford (2015),30.33
Brooks Koepka (2015),30.5
Robert Garrigus (2015),30.5
Chad Collins (2015),30.5
Johnson Wagner (2015),30.5
Webb Simpson (2015),30.58
Ryan Palmer (2015),30.58
Seung-Yul Noh (2015),30.67
Brian Stuard (2015),30.67
Will Wilcox (2015),30.67
James Hahn (2015),30.67
Hideki Matsuyama (2015),30.67
Jason Dufner (2015),30.83
Chris Kirk (2015),30.92
David Hearn (2015),31
Robert Allenby (2015),31
Steven Alker (2015),31.08
Jim Renner (2015),31.08
Kevin Chappell (2015),31.08
Ben Martin (2015),31.08
Dustin Johnson (2015),31.17
Colt Knost (2015),31.17
Jimmy Walker (2015),31.17
Rory Sabbatini (2015),31.25
Nicholas Thompson (2015),31.25
Boo Weekley (2015),31.25
Graham DeLaet (2015),31.33
Nick Watney (2015),31.33
Danny Lee (2015),31.33
Bill Lunde (2015),31.33
Alex Cejka (2015),31.33
Harris English (2015),31.33
Daniel Berger (2015),31.33
Jordan Spieth (2015),31.42
Vijay Singh (2015),31.42
Davis Love III (2015),31.42
Zach Johnson (2015),31.42
William McGirt (2015),31.42
Michael Putnam (2015),31.5
Scott Piercy (2015),31.5
Francesco Molinari (2015),31.5
Justin Rose (2015),31.5
Justin Thomas (2015),31.5
D.A. Points (2015),31.58
Spencer Levin (2015),31.67
Fabián Gómez (2015),31.67
Keegan Bradley (2015),31.67
Luke Guthrie (2015),31.75
John Peterson (2015),31.75
Billy Hurley III (2015),31.75
Kevin Kisner (2015),31.75
Jeff Overton (2015),31.75
Chad Campbell (2015),31.75
Cameron Percy (2015),31.83
Heath Slocum (2015),31.83
J.J. Henry (2015),31.83
Ian Poulter (2015),31.83
Bryce Molder (2015),31.92
Pat Perez (2015),31.92
Scott Brown (2015),31.92
Charlie Beljan (2015),31.92
Alex Prugh (2015),32
David Lingmerth (2015),32
Rickie Fowler (2015),32.08
Jason Kokrak (2015),32.17
Brice Garnett (2015),32.17
Sam Saunders (2015),32.17
Bubba Watson (2015),32.17
David Toms (2015),32.17
Mark Wilson (2015),32.25
Andrew Svoboda (2015),32.25
John Merrick (2015),32.25
Blayne Barber (2015),32.25
Marc Leishman (2015),32.33
Daniel Summerhays (2015),32.33
George McNeill (2015),32.33
Erik Compton (2015),32.42
Luke Donald (2015),32.42
Steven Bowditch (2015),32.42
Tim Wilkinson (2015),32.42
Louis Oosthuizen (2015),32.42
Troy Merritt (2015),32.42
Jon Curran (2015),32.42
Roger Sloan (2015),32.5
Jonathan Randolph (2015),32.5
Ryan Moore (2015),32.5
Brendan Steele (2015),32.5
Justin Leonard (2015),32.5
Ken Duke (2015),32.5
Shawn Stefani (2015),32.58
Robert Streb (2015),32.67
Chesson Hadley (2015),32.67
Patrick Rodgers (2015),32.67
Scott Langley (2015),32.67
Charles Howell III (2015),32.67
Henrik Stenson (2015),32.67
Jonathan Byrd (2015),32.67
Kevin Na (2015),32.75
Camilo Villegas (2015),32.75
Mark Hubbard (2015),32.75
Adam Hadwin (2015),32.75
Brian Harman (2015),32.83
Brendon Todd (2015),32.83
Tony Finau (2015),32.92
Chris Stroud (2015),32.92
Brendon de Jonge (2015),32.92
Sung Joon Park (2015),32.92
Patrick Reed (2015),32.92
Kevin Streelman (2015),33
Billy Horschel (2015),33.08
Nick Taylor (2015),33.08
Scott Pinckney (2015),33.08
Gonzalo Fernandez-Castaño (2015),33.17
Padraig Harrington (2015),33.17
Matt Every (2015),33.17
Martin Laird (2015),33.25
Oscar Fraustro (2015),33.25
Ángel Cabrera (2015),33.25
Jerry Kelly (2015),33.33
Andres Gonzales (2015),33.33
Derek Fathauer (2015),33.33
Jason Day (2015),33.33
Sangmoon Bae (2015),33.33
Brandt Snedeker (2015),33.33
Carlos Ortiz (2015),33.33
Michael Thompson (2015),33.42
Scott Stallings (2015),33.42
Ernie Els (2015),33.42
Lee Westwood (2015),33.42
Eric Axley (2015),33.5
K.J. Choi (2015),33.5
Derek Ernst (2015),33.5
Zac Blair (2015),33.58
Carl Pettersson (2015),33.58
Ricky Barnes (2015),33.58
Gary Woodland (2015),33.58
Jonas Blixt (2015),33.67
Andres Romero (2015),33.67
Aaron Baddeley (2015),33.67
Brian Davis (2015),33.75
Bill Haas (2015),33.75
Adam Scott (2015),34
Retief Goosen (2015),34
Phil Mickelson (2015),34
J.B. Holmes (2015),34
Charley Hoffman (2015),34.17
Andrew Putnam (2015),34.17
Jhonattan Vegas (2015),34.25
Max Homa (2015),34.33
Russell Henley (2015),34.42
Kyle Reifers (2015),34.42
Steve Wheatcroft (2015),34.5
Martin Flores (2015),34.5
Charl Schwartzel (2015),34.67
Ben Crane (2015),34.67
Sean O'Hair (2015),34.67
Matt Kuchar (2015),34.75
John Huh (2015),34.92
Cameron Tringale (2015),35
John Senden (2015),35.17
Morgan Hoffmann (2015),35.33
Greg Chalmers (2015),35.75
Matt Jones (2015),36.33
Jamie Donaldson (2015),36.83
Geoff Ogilvy (2015),37.25
Sergio Garcia (2015),37.42
Hunter Mahan (2015),37.42
Robert Garrigus (2016),27.42
Adam Scott (2016),28
Dustin Johnson (2016),29.33
Tom Hoge (2016),29.5
Jason Dufner (2016),29.83
Vaughn Taylor (2016),29.92
Justin Thomas (2016),30.08
Tim Wilkinson (2016),30.17
Ryan Moore (2016),30.17
Daniel Berger (2016),30.17
Jim Furyk (2016),30.25
Michael Thompson (2016),30.25
David Hearn (2016),30.42
Tyrone Van Aswegen (2016),30.5
Chesson Hadley (2016),30.67
Keegan Bradley (2016),30.75
Hudson Swafford (2016),30.75
Rory McIlroy (2016),30.83
Hideki Matsuyama (2016),30.83
Russell Knox (2016),30.83
Henrik Norlander (2016),31
Kelly Kraft (2016),31
Jason Gore (2016),31.08
J.B. Holmes (2016),31.08
Webb Simpson (2016),31.08
Brendan Steele (2016),31.08
Phil Mickelson (2016),31.17
Rod Pampling (2016),31.17
Brooks Koepka (2016),31.17
Jerry Kelly (2016),31.25
K.J. Choi (2016),31.25
Kevin Kisner (2016),31.25
Kyle Stanley (2016),31.25
Derek Ernst (2016),31.25
Bubba Watson (2016),31.33
Chez Reavie (2016),31.33
Billy Hurley III (2016),31.33
Robert Streb (2016),31.33
Wes Roach (2016),31.33
Ryan Palmer (2016),31.42
Kevin Chappell (2016),31.42
Emiliano Grillo (2016),31.5
D.A. Points (2016),31.58
Jason Kokrak (2016),31.58
Kevin Na (2016),31.67
Lucas Glover (2016),31.67
Andres Gonzales (2016),31.67
Brian Stuard (2016),31.67
Paul Casey (2016),31.75
Brett Stegmaier (2016),31.75
Chris Kirk (2016),31.75
Russell Henley (2016),31.75
Branden Grace (2016),31.83
Greg Owen (2016),31.92
Zach Johnson (2016),32
Francesco Molinari (2016),32
Louis Oosthuizen (2016),32
Scott Stallings (2016),32
Luke Guthrie (2016),32
Blayne Barber (2016),32
Robert Allenby (2016),32.08
George McNeill (2016),32.08
Patton Kizzire (2016),32.08
Thomas Aiken (2016),32.17
Sam Saunders (2016),32.17
Tyler Aldridge (2016),32.17
Will MacKenzie (2016),32.25
Jhonattan Vegas (2016),32.25
Gary Woodland (2016),32.25
Rickie Fowler (2016),32.25
Ben Martin (2016),32.25
Will Wilcox (2016),32.25
Chad Campbell (2016),32.33
Charley Hoffman (2016),32.33
Ricky Barnes (2016),32.33
Boo Weekley (2016),32.33
Rob Oppenheim (2016),32.33
Seung-Yul Noh (2016),32.33
Troy Merritt (2016),32.33
Shawn Stefani (2016),32.33
Abraham Ancer (2016),32.33
Nick Taylor (2016),32.42
Spencer Levin (2016),32.42
Camilo Villegas (2016),32.42
Dawie van der Walt (2016),32.42
Jordan Spieth (2016),32.42
Alex Cejka (2016),32.5
Marc Leishman (2016),32.5
Graham DeLaet (2016),32.5
Chris Stroud (2016),32.5
Jason Bohn (2016),32.58
Martin Laird (2016),32.58
D.H. Lee (2016),32.58
Bronson Burgoon (2016),32.58
David Toms (2016),32.67
Matt Kuchar (2016),32.67
Graeme McDowell (2016),32.67
Jimmy Walker (2016),32.67
William McGirt (2016),32.67
Martin Piller (2016),32.67
Patrick Rodgers (2016),32.67
Harold Varner III (2016),32.67
Luke Donald (2016),32.75
John Huh (2016),32.75
Matt Jones (2016),32.83
Johnson Wagner (2016),32.83
Harris English (2016),32.83
Roberto Castro (2016),32.92
Stewart Cink (2016),33
Freddie Jacobson (2016),33
Michael Kim (2016),33
Scott Piercy (2016),33.08
Andrew Landry (2016),33.08
Carlos Ortiz (2016),33.08
Jon Curran (2016),33.08
Patrick Reed (2016),33.08
Mark Hubbard (2016),33.08
Smylie Kaufman (2016),33.08
Steve Stricker (2016),33.17
Mark Wilson (2016),33.17
Geoff Ogilvy (2016),33.17
Charl Schwartzel (2016),33.17
Billy Horschel (2016),33.17
Rhein Gibson (2016),33.17
Vijay Singh (2016),33.25
Justin Rose (2016),33.25
Tony Finau (2016),33.25
Adam Hadwin (2016),33.25
David Lingmerth (2016),33.25
Andrew Loupe (2016),33.25
Stuart Appleby (2016),33.33
Ken Duke (2016),33.33
Danny Lee (2016),33.33
Derek Fathauer (2016),33.33
Jim Herman (2016),33.33
Dicky Pride (2016),33.42
Charles Howell III (2016),33.42
Luke List (2016),33.42
Colt Knost (2016),33.42
James Hahn (2016),33.42
Cameron Smith (2016),33.5
Sean O'Hair (2016),33.58
Chad Collins (2016),33.58
Jason Day (2016),33.58
Scott Brown (2016),33.58
Brendon de Jonge (2016),33.67
Erik Compton (2016),33.75
Brandt Snedeker (2016),33.75
Sung Kang (2016),33.75
Si Woo Kim (2016),33.75
Anirban Lahiri (2016),33.83
Steve Wheatcroft (2016),33.92
Bill Haas (2016),34
Kevin Streelman (2016),34
Cameron Tringale (2016),34
Retief Goosen (2016),34.08
Bryce Molder (2016),34.08
Morgan Hoffmann (2016),34.08
John Senden (2016),34.17
Kyle Reifers (2016),34.17
Brian Harman (2016),34.25
Shane Lowry (2016),34.25
Hiroshi Iwata (2016),34.33
Aaron Baddeley (2016),34.42
Scott Pinckney (2016),34.42
Ben Crane (2016),34.58
Steve Marino (2016),34.67
Fabián Gómez (2016),34.67
Whee Kim (2016),34.83
Padraig Harrington (2016),34.92
Ángel Cabrera (2016),34.92
Ernie Els (2016),35.08
Jeff Overton (2016),35.08
J.J. Henry (2016),35.17
Jonas Blixt (2016),35.17
Daniel Summerhays (2016),35.42
Zac Blair (2016),35.42
Peter Malnati (2016),35.75
Steven Bowditch (2016),36
Rory Sabbatini (2016),36.08
Sergio Garcia (2016),36.17
Jamie Lovemark (2016),37.08
Brendon Todd (2016),38.17
Hunter Mahan (2016),38.33
Scott Langley (2016),38.42
Tom Hoge (2017),29.17
Dustin Johnson (2017),29.67
Robert Garrigus (2017),29.75
Nick Watney (2017),29.92
Kevin Na (2017),30
Kyle Stanley (2017),30.17
Brad Fritsch (2017),30.25
Hideki Matsuyama (2017),30.25
Ryan Palmer (2017),30.42
Scott Piercy (2017),30.42
Justin Thomas (2017),30.42
Rick Lamb (2017),30.42
Chad Campbell (2017),30.5
Grayson Murray (2017),30.58
Chez Reavie (2017),30.75
Rickie Fowler (2017),30.75
Daniel Berger (2017),30.75
Ollie Schniederjans (2017),30.75
Scott Stallings (2017),30.83
Jordan Spieth (2017),30.83
Ryan Armour (2017),30.92
Tag Ridings (2017),30.92
David Hearn (2017),30.92
Richy Werenski (2017),30.92
Stewart Cink (2017),31
Ben Martin (2017),31
Tyrone Van Aswegen (2017),31.08
Gary Woodland (2017),31.08
Hudson Swafford (2017),31.08
Brett Drewitt (2017),31.08
Blayne Barber (2017),31.08
Steven Alker (2017),31.17
Brooks Koepka (2017),31.17
Retief Goosen (2017),31.25
Boo Weekley (2017),31.25
Graham DeLaet (2017),31.25
Wesley Bryan (2017),31.25
Jim Furyk (2017),31.33
Rory Sabbatini (2017),31.33
Johnson Wagner (2017),31.33
Kevin Kisner (2017),31.33
Patton Kizzire (2017),31.33
Russell Knox (2017),31.33
J.B. Holmes (2017),31.42
Camilo Villegas (2017),31.42
Chris Kirk (2017),31.42
Harold Varner III (2017),31.42
Nicholas Lindheim (2017),31.5
Luke List (2017),31.58
Trey Mullinax (2017),31.58
J.T. Poston (2017),31.58
Kevin Streelman (2017),31.67
Webb Simpson (2017),31.67
Brett Stegmaier (2017),31.67
Andres Gonzales (2017),31.67
Shawn Stefani (2017),31.67
Seamus Power (2017),31.75
Troy Merritt (2017),31.75
Michael Kim (2017),31.75
Smylie Kaufman (2017),31.75
Julián Etulain (2017),31.83
Anirban Lahiri (2017),31.83
Keegan Bradley (2017),31.83
Mark Hubbard (2017),31.83
Sergio Garcia (2017),31.92
Justin Rose (2017),31.92
Tony Finau (2017),31.92
Ryo Ishikawa (2017),31.92
Derek Fathauer (2017),31.92
Brian Stuard (2017),31.92
Cameron Percy (2017),32
Paul Casey (2017),32
Alex Cejka (2017),32.08
Jason Dufner (2017),32.08
Lucas Glover (2017),32.08
Brendan Steele (2017),32.08
Shane Lowry (2017),32.08
Jon Rahm (2017),32.08
Vaughn Taylor (2017),32.17
Brian Campbell (2017),32.17
Cameron Smith (2017),32.25
Emiliano Grillo (2017),32.33
Kevin Chappell (2017),32.33
Sebastián Muñoz (2017),32.33
Jason Bohn (2017),32.42
Ricky Barnes (2017),32.42
Marc Leishman (2017),32.42
Matt Every (2017),32.42
Martin Flores (2017),32.42
Danny Lee (2017),32.42
Bud Cauley (2017),32.42
Sam Saunders (2017),32.5
Andrew Loupe (2017),32.5
Zach Johnson (2017),32.58
Tim Wilkinson (2017),32.58
Ryan Moore (2017),32.58
Billy Hurley III (2017),32.58
Adam Hadwin (2017),32.58
Russell Henley (2017),32.58
Bryson DeChambeau (2017),32.58
D.A. Points (2017),32.67
Jimmy Walker (2017),32.67
Seung-Yul Noh (2017),32.67
Charley Hoffman (2017),32.83
Francesco Molinari (2017),32.83
Sung Kang (2017),32.83
Brian Gay (2017),32.92
John Huh (2017),32.92
J.J. Henry (2017),33
Branden Grace (2017),33
Jason Day (2017),33.08
Harris English (2017),33.08
Patrick Cantlay (2017),33.08
Kelly Kraft (2017),33.08
J.J. Spaun (2017),33.08
Chris Stroud (2017),33.17
Scott Brown (2017),33.17
Kevin Tway (2017),33.17
Dominic Bozzelli (2017),33.17
Zac Blair (2017),33.17
Phil Mickelson (2017),33.25
Ian Poulter (2017),33.25
Billy Horschel (2017),33.25
Mark Anderson (2017),33.25
Peter Malnati (2017),33.25
Ken Duke (2017),33.33
Rory McIlroy (2017),33.33
Jason Kokrak (2017),33.33
Xander Schauffele (2017),33.33
Matt Kuchar (2017),33.42
Adam Scott (2017),33.42
Carl Pettersson (2017),33.42
Graeme McDowell (2017),33.42
Whee Kim (2017),33.42
Brian Harman (2017),33.5
C.T. Pan (2017),33.5
Charles Howell III (2017),33.58
Bill Haas (2017),33.58
Bubba Watson (2017),33.58
Ryan Blaum (2017),33.58
Cameron Tringale (2017),33.58
Søren Kjeldsen (2017),33.67
K.J. Choi (2017),33.67
Sean O'Hair (2017),33.75
Daniel Summerhays (2017),33.75
Brandt Snedeker (2017),33.75
Ryan Brehm (2017),33.75
Brandon Hagy (2017),33.75
Ben Crane (2017),33.83
Chad Collins (2017),33.83
Roberto Castro (2017),33.83
Michael Thompson (2017),33.92
Jhonattan Vegas (2017),34
Jamie Lovemark (2017),34
Byeong Hun An (2017),34
Robert Streb (2017),34
Geoff Ogilvy (2017),34.08
Spencer Levin (2017),34.08
Jim Herman (2017),34.08
James Hahn (2017),34.08
David Lingmerth (2017),34.08
Gonzalo Fernandez-Castaño (2017),34.17
Miguel Angel Carballo (2017),34.17
Fabián Gómez (2017),34.17
William McGirt (2017),34.17
Cody Gribble (2017),34.17
Louis Oosthuizen (2017),34.25
Martin Laird (2017),34.42
Patrick Rodgers (2017),34.42
Nick Taylor (2017),34.5
Rafa Cabrera Bello (2017),34.5
Kyle Reifers (2017),34.5
Matt Jones (2017),34.75
Charl Schwartzel (2017),34.75
Rod Pampling (2017),35
Luke Donald (2017),35
Steve Wheatcroft (2017),35
Jonas Blixt (2017),35.08
Mackenzie Hughes (2017),35.08
Jonathan Randolph (2017),35.17
Pat Perez (2017),35.25
Patrick Reed (2017),35.25
Bryce Molder (2017),35.58
Morgan Hoffmann (2017),35.58
Si Woo Kim (2017),35.83
Ernie Els (2017),35.92
Greg Chalmers (2017),36.17
Aaron Baddeley (2017),36.5
Hunter Mahan (2017),36.83
Steven Bowditch (2017),37.08
David Hearn (2018),29.25
Brooks Koepka (2018),29.58
Conrad Shindler (2018),29.67
Rory McIlroy (2018),29.83
Dustin Johnson (2018),30.08
Kevin Na (2018),30.17
Shawn Stefani (2018),30.33
Gary Woodland (2018),30.42
Justin Thomas (2018),30.5
Tom Hoge (2018),30.58
Paul Casey (2018),30.67
Zach Johnson (2018),30.75
Nick Watney (2018),30.75
Tiger Woods (2018),30.75
Chesson Hadley (2018),30.75
Sam Ryder (2018),30.75
Wesley Bryan (2018),30.75
Blayne Barber (2018),30.83
Kyle Thompson (2018),30.83
Keegan Bradley (2018),30.83
Sung Kang (2018),30.83
Chris Kirk (2018),30.92
Robert Garrigus (2018),30.92
Vaughn Taylor (2018),31
Nate Lashley (2018),31
Whee Kim (2018),31
Kyle Stanley (2018),31.08
Chez Reavie (2018),31.08
Jim Furyk (2018),31.17
Ryan Palmer (2018),31.17
Patton Kizzire (2018),31.17
J.J. Spaun (2018),31.17
Patrick Cantlay (2018),31.25
Phil Mickelson (2018),31.25
Cameron Percy (2018),31.33
Emiliano Grillo (2018),31.33
Rickie Fowler (2018),31.33
Byeong Hun An (2018),31.33
Andrew Landry (2018),31.42
Satoshi Kodaira (2018),31.42
Tony Finau (2018),31.42
Rafa Cabrera Bello (2018),31.42
Lanto Griffin (2018),31.42
Corey Conners (2018),31.42
Charley Hoffman (2018),31.5
Chad Campbell (2018),31.5
J.J. Henry (2018),31.5
Hideki Matsuyama (2018),31.5
Kevin Chappell (2018),31.67
Keith Mitchell (2018),31.67
Talor Gooch (2018),31.75
Tyrone Van Aswegen (2018),31.75
Stewart Cink (2018),31.75
Ricky Barnes (2018),31.75
Matt Every (2018),31.83
Webb Simpson (2018),31.83
Russell Knox (2018),31.83
Jordan Spieth (2018),31.83
Harold Varner III (2018),31.83
Ben Silverman (2018),31.92
Bryson DeChambeau (2018),31.92
Fabián Gómez (2018),32
William McGirt (2018),32
Francesco Molinari (2018),32
Justin Rose (2018),32
Louis Oosthuizen (2018),32.08
Brian Stuard (2018),32.08
Danny Lee (2018),32.17
Ryan Moore (2018),32.17
Matt Kuchar (2018),32.25
Sam Saunders (2018),32.25
J.T. Poston (2018),32.25
Richy Werenski (2018),32.25
Kelly Kraft (2018),32.25
Mackenzie Hughes (2018),32.33
Nicholas Lindheim (2018),32.33
Tyler Duncan (2018),32.33
Tom Lovelady (2018),32.33
Anirban Lahiri (2018),32.33
Adam Scott (2018),32.33
Ryan Armour (2018),32.33
Johnson Wagner (2018),32.33
Rob Oppenheim (2018),32.33
Steve Wheatcroft (2018),32.42
Henrik Stenson (2018),32.42
James Hahn (2018),32.42
Bronson Burgoon (2018),32.42
Brice Garnett (2018),32.42
Brandon Harkins (2018),32.42
Billy Hurley III (2018),32.5
Alex Cejka (2018),32.5
Jimmy Walker (2018),32.58
Jason Kokrak (2018),32.58
Kevin Tway (2018),32.58
Joel Dahmen (2018),32.58
Cameron Tringale (2018),32.58
Xander Schauffele (2018),32.58
David Lingmerth (2018),32.67
Shane Lowry (2018),32.67
Russell Henley (2018),32.75
Grayson Murray (2018),32.75
Martin Laird (2018),32.75
Patrick Reed (2018),32.75
Ollie Schniederjans (2018),32.75
Robert Streb (2018),32.83
Kevin Streelman (2018),32.83
Hudson Swafford (2018),32.83
Michael Thompson (2018),32.92
Brett Stegmaier (2018),32.92
"Ted Potter, Jr. (2018)",32.92
Ian Poulter (2018),32.92
Dominic Bozzelli (2018),32.92
Daniel Berger (2018),33
Abraham Ancer (2018),33
Si Woo Kim (2018),33
Kiradech Aphibarnrat (2018),33
Scott Brown (2018),33
Martin Flores (2018),33.08
Jason Day (2018),33.08
Branden Grace (2018),33.08
Tommy Fleetwood (2018),33.17
Billy Horschel (2018),33.17
Pat Perez (2018),33.17
Nick Taylor (2018),33.17
Michael Kim (2018),33.17
Cameron Smith (2018),33.25
Scott Piercy (2018),33.25
Hunter Mahan (2018),33.25
Rory Sabbatini (2018),33.25
Brian Gay (2018),33.25
C.T. Pan (2018),33.25
Scott Stallings (2018),33.33
J.B. Holmes (2018),33.33
Marc Leishman (2018),33.33
D.A. Points (2018),33.33
Zecheng Dou (2018),33.33
Jon Rahm (2018),33.33
Aaron Wise (2018),33.33
Andrew Yun (2018),33.42
Retief Goosen (2018),33.42
Xinjun Zhang (2018),33.5
Harris English (2018),33.5
John Huh (2018),33.5
Austin Cook (2018),33.5
Luke List (2018),33.58
Ben Crane (2018),33.67
Aaron Baddeley (2018),33.67
Andrew Putnam (2018),33.67
Bubba Watson (2018),33.75
Brandt Snedeker (2018),33.75
Peter Malnati (2018),33.75
Zac Blair (2018),33.83
Troy Merritt (2018),33.83
Chris Stroud (2018),33.92
Sean O'Hair (2018),33.92
Patrick Rodgers (2018),33.92
Ethan Tracy (2018),34
Graeme McDowell (2018),34
Brian Harman (2018),34
Matt Jones (2018),34
Seamus Power (2018),34
Charles Howell III (2018),34.08
Jonathan Byrd (2018),34.17
Jhonattan Vegas (2018),34.25
Denny McCarthy (2018),34.25
Stephan Jaeger (2018),34.25
Cody Gribble (2018),34.25
Roberto Díaz (2018),34.33
Matt Atkins (2018),34.33
Ryan Blaum (2018),34.33
Jason Dufner (2018),34.33
Peter Uihlein (2018),34.33
Brendan Steele (2018),34.42
Rod Pampling (2018),34.42
Ben Martin (2018),34.58
Adam Schenk (2018),34.58
Trey Mullinax (2018),34.58
Bud Cauley (2018),34.67
Adam Hadwin (2018),34.75
Jamie Lovemark (2018),34.75
Tyrrell Hatton (2018),34.75
Bill Haas (2018),34.92
Kevin Kisner (2018),35
Jonathan Randolph (2018),35.25
Beau Hossler (2018),35.33
Derek Fathauer (2018),35.5
Lucas Glover (2018),35.5
Jonas Blixt (2018),35.83
Charl Schwartzel (2018),36.33
Martin Piller (2018),36.58
Alex Noren (2018),36.75
Daniel Summerhays (2018),36.83
Greg Chalmers (2018),40.58
