Player,AvgClubheadSpeed
Cameron Champ (2019),128.01
Jhonattan Vegas (2019),124.7
Peter Uihlein (2019),123.39
Adam Schenk (2019),123.25
Seth Reeves (2019),122.73
Ollie Schniederjans (2019),122.24
Gary Woodland (2019),122.2
Brooks Koepka (2019),122.09
Trey Mullinax (2019),122.04
Keith Mitchell (2019),122.03
Luke List (2019),121.9
Tony Finau (2019),121.8
Kevin Tway (2019),121.51
Bubba Watson (2019),121.5
Rory McIlroy (2019),121.5
Wyndham Clark (2019),121.07
Sergio Garcia (2019),121.01
Alex Noren (2019),120.58
Xander Schauffele (2019),120.38
Adam Scott (2019),120.29
Patrick Rodgers (2019),120.23
Talor Gooch (2019),120.16
Sam Burns (2019),120.12
Phil Mickelson (2019),120.11
J.B. Holmes (2019),120.09
Cameron Tringale (2019),119.94
Jason Kokrak (2019),119.87
Seamus Power (2019),119.7
Nick Watney (2019),119.67
Dustin Johnson (2019),119.18
Sebastián Muñoz (2019),119.18
Cameron Davis (2019),118.91
Max Homa (2019),118.78
Jon Rahm (2019),118.56
Bryson DeChambeau (2019),118.24
John Chin (2019),118.05
Martin Trainer (2019),118.03
Harris English (2019),117.99
Charles Howell III (2019),117.68
Jason Day (2019),117.62
Alex Prugh (2019),117.33
Hudson Swafford (2019),117.31
Joaquin Niemann (2019),117.3
Carlos Ortiz (2019),117.21
Justin Thomas (2019),117.2
Hideki Matsuyama (2019),117.11
Marc Leishman (2019),117.08
Shawn Stefani (2019),117.04
Patrick Reed (2019),116.79
Mackenzie Hughes (2019),116.59
Byeong Hun An (2019),116.56
Aaron Wise (2019),116.54
Brandon Harkins (2019),116.44
Daniel Berger (2019),116.4
Paul Casey (2019),116.35
Matt Jones (2019),116.31
Patrick Cantlay (2019),116.27
Ryan Palmer (2019),116.15
Sam Ryder (2019),116.12
Danny Lee (2019),116.01
Jim Knous (2019),115.99
Scott Stallings (2019),115.83
Rickie Fowler (2019),115.72
Harold Varner III (2019),115.72
Charley Hoffman (2019),115.69
Henrik Stenson (2019),115.61
Tommy Fleetwood (2019),115.58
Tyrrell Hatton (2019),115.53
Pat Perez (2019),115.51
Martin Laird (2019),115.34
Justin Rose (2019),115.24
Lucas Glover (2019),115.22
Branden Grace (2019),115.22
Andrew Putnam (2019),115.14
Bill Haas (2019),115.1
Brendan Steele (2019),115.1
Cody Gribble (2019),115.07
Emiliano Grillo (2019),115.04
Sepp Straka (2019),114.99
Chesson Hadley (2019),114.84
Patton Kizzire (2019),114.79
Dominic Bozzelli (2019),114.72
Chase Wright (2019),114.7
Sungjae Im (2019),114.62
Sam Saunders (2019),114.55
Corey Conners (2019),114.48
Roger Sloan (2019),114.39
Stephan Jaeger (2019),114.37
Jimmy Walker (2019),114.34
Scott Piercy (2019),114.28
Freddie Jacobson (2019),114.26
Hank Lebioda (2019),114.21
Kevin Na (2019),114.19
Kramer Hickok (2019),114.18
Robert Streb (2019),114.05
Dylan Frittelli (2019),114.03
Sung Kang (2019),113.99
Peter Malnati (2019),113.96
J.T. Poston (2019),113.96
Aaron Baddeley (2019),113.93
Hunter Mahan (2019),113.81
Beau Hossler (2019),113.8
Si Woo Kim (2019),113.76
Curtis Luck (2019),113.66
Scott Brown (2019),113.64
Billy Horschel (2019),113.61
Keegan Bradley (2019),113.56
Sangmoon Bae (2019),113.55
Jordan Spieth (2019),113.5
Jim Herman (2019),113.27
Kiradech Aphibarnrat (2019),113.23
Louis Oosthuizen (2019),113.2
Adam Svensson (2019),113.12
Anders Albertson (2019),113.11
Danny Willett (2019),113.01
Matthew Fitzpatrick (2019),112.96
Kevin Streelman (2019),112.95
Rod Pampling (2019),112.84
J.J. Spaun (2019),112.81
Kyoung-Hoon Lee (2019),112.69
Denny McCarthy (2019),112.66
Russell Knox (2019),112.6
Josh Teater (2019),112.58
"Ted Potter, Jr. (2019)",112.54
Julián Etulain (2019),112.54
Adam Hadwin (2019),112.5
Tyler Duncan (2019),112.31
Ian Poulter (2019),112.28
Kevin Kisner (2019),112.2
Troy Merritt (2019),112.16
Tom Hoge (2019),112.15
Rafa Cabrera Bello (2019),112.13
Jason Dufner (2019),112.1
Abraham Ancer (2019),112.04
Cameron Smith (2019),112.03
Jonas Blixt (2019),111.98
Graeme McDowell (2019),111.88
J.J. Henry (2019),111.87
Joel Dahmen (2019),111.83
Francesco Molinari (2019),111.8
Joey Garber (2019),111.78
Bud Cauley (2019),111.72
Rory Sabbatini (2019),111.58
Chris Stroud (2019),111.58
Bronson Burgoon (2019),111.57
Nate Lashley (2019),111.55
Richy Werenski (2019),111.24
Anirban Lahiri (2019),111.21
Brice Garnett (2019),111.18
Wes Roach (2019),111.07
Jonathan Byrd (2019),111.05
Nick Taylor (2019),110.97
Roberto Castro (2019),110.91
Michael Kim (2019),110.83
Kyle Stanley (2019),110.78
C.T. Pan (2019),110.67
Michael Thompson (2019),110.64
Ben Silverman (2019),110.63
Brian Harman (2019),110.47
Adam Long (2019),110.38
Ernie Els (2019),110.3
Webb Simpson (2019),110.26
Austin Cook (2019),110.21
José de Jesús Rodríguez (2019),110.14
Russell Henley (2019),110.07
Zach Johnson (2019),109.96
Brandt Snedeker (2019),109.96
Kelly Kraft (2019),109.55
Ryan Blaum (2019),109.26
Fabián Gómez (2019),109.19
Whee Kim (2019),109.19
Matt Kuchar (2019),109.12
Ryan Moore (2019),109.08
Andrew Landry (2019),108.84
Chez Reavie (2019),108.81
Kyle Jones (2019),108.77
Roberto Díaz (2019),108.27
Vaughn Taylor (2019),108.23
Satoshi Kodaira (2019),107.85
Brady Schnell (2019),107.61
Jim Furyk (2019),107.53
Scott Langley (2019),107.33
Ryan Armour (2019),107.24
Johnson Wagner (2019),107.07
Alex Cejka (2019),106.99
Brian Gay (2019),106.7
Brian Stuard (2019),106.41
David Hearn (2019),105.18
Tony Finau (2015),124.07
Charlie Beljan (2015),124.02
Bubba Watson (2015),123.52
Brooks Koepka (2015),122.77
Jhonattan Vegas (2015),122.51
Henrik Stenson (2015),121.67
Dustin Johnson (2015),121.49
Hudson Swafford (2015),121.43
Gary Woodland (2015),121.14
J.B. Holmes (2015),120.62
Adam Scott (2015),120.27
Jason Day (2015),120.16
Patrick Rodgers (2015),120.08
Jason Kokrak (2015),119.82
Sergio Garcia (2015),119.78
Derek Ernst (2015),119.67
Daniel Berger (2015),119.57
Charles Howell III (2015),119.26
John Senden (2015),119.07
Martin Flores (2015),118.68
Kevin Chappell (2015),118.61
Nick Watney (2015),118.09
Phil Mickelson (2015),118.09
Aaron Baddeley (2015),118.04
Brendan Steele (2015),118.01
Ricky Barnes (2015),117.94
Keegan Bradley (2015),117.87
Robert Garrigus (2015),117.85
Patrick Reed (2015),117.85
Graham DeLaet (2015),117.83
Harris English (2015),117.74
Stewart Cink (2015),117.72
Steven Bowditch (2015),117.61
Rickie Fowler (2015),117.5
Charl Schwartzel (2015),117.41
Max Homa (2015),117.35
Paul Casey (2015),117.16
Ángel Cabrera (2015),117.14
Justin Rose (2015),117.1
Seung-Yul Noh (2015),116.99
Shawn Stefani (2015),116.95
Will Wilcox (2015),116.92
Michael Putnam (2015),116.89
Jimmy Walker (2015),116.89
Robert Streb (2015),116.82
Scott Pinckney (2015),116.53
Russell Henley (2015),116.51
Martin Laird (2015),116.35
Justin Thomas (2015),116.34
Lucas Glover (2015),116.34
Charley Hoffman (2015),116.3
Matt Jones (2015),116.27
Lee Westwood (2015),115.81
Andres Gonzales (2015),115.75
Marc Leishman (2015),115.69
George McNeill (2015),115.69
Alex Prugh (2015),115.67
Ryo Ishikawa (2015),115.58
Byron Smith (2015),115.48
Tom Hoge (2015),115.37
Carlos Ortiz (2015),115.32
Greg Owen (2015),115.24
Scott Piercy (2015),115.2
Pat Perez (2015),115.12
Ryan Palmer (2015),115.11
Jim Herman (2015),114.98
Jonathan Randolph (2015),114.89
Scott Stallings (2015),114.85
Gonzalo Fernandez-Castaño (2015),114.82
Roger Sloan (2015),114.69
Adam Hadwin (2015),114.67
Jamie Donaldson (2015),114.63
Louis Oosthuizen (2015),114.57
Sean O'Hair (2015),114.51
Ben Martin (2015),114.46
Hideki Matsuyama (2015),114.39
Andres Romero (2015),114.14
James Hahn (2015),114.12
Troy Merritt (2015),114.09
Sam Saunders (2015),114.08
Padraig Harrington (2015),114.07
Geoff Ogilvy (2015),114.01
Eric Axley (2015),113.96
Retief Goosen (2015),113.85
J.J. Henry (2015),113.84
Morgan Hoffmann (2015),113.63
Brendon de Jonge (2015),113.62
Matt Every (2015),113.62
Sangmoon Bae (2015),113.53
Boo Weekley (2015),113.44
Billy Horschel (2015),113.38
Johnson Wagner (2015),113.33
Kevin Streelman (2015),113.32
Camilo Villegas (2015),113.03
Davis Love III (2015),112.89
Andrew Svoboda (2015),112.86
Jordan Spieth (2015),112.79
Jason Gore (2015),112.76
Kevin Na (2015),112.65
Tyrone Van Aswegen (2015),112.63
Michael Thompson (2015),112.56
John Peterson (2015),112.52
Jason Dufner (2015),112.3
Erik Compton (2015),112.23
Bo Van Pelt (2015),112.21
Bill Haas (2015),112.2
Vijay Singh (2015),112.19
Hunter Mahan (2015),112.11
Cameron Percy (2015),112.04
Chesson Hadley (2015),112.04
Blayne Barber (2015),112
Derek Fathauer (2015),111.96
Steve Wheatcroft (2015),111.96
Kyle Reifers (2015),111.94
Scott Brown (2015),111.87
Fabián Gómez (2015),111.86
Jonathan Byrd (2015),111.84
Ian Poulter (2015),111.8
Carl Pettersson (2015),111.76
Whee Kim (2015),111.74
Jim Renner (2015),111.62
Rory Sabbatini (2015),111.62
Webb Simpson (2015),111.6
William McGirt (2015),111.54
Nick Taylor (2015),111.51
Sung Joon Park (2015),111.47
Jonas Blixt (2015),111.36
Andrew Putnam (2015),111.35
Mark Hubbard (2015),111.16
Kevin Kisner (2015),111.11
Luke Guthrie (2015),111
D.A. Points (2015),111
Oscar Fraustro (2015),110.83
Spencer Levin (2015),110.77
Brice Garnett (2015),110.7
Chris Kirk (2015),110.67
Brandt Snedeker (2015),110.67
Ernie Els (2015),110.54
Matt Kuchar (2015),110.53
Francesco Molinari (2015),110.49
Daniel Summerhays (2015),110.42
David Lingmerth (2015),110.38
Brian Harman (2015),110.24
Russell Knox (2015),110.22
Ken Duke (2015),110.2
Chad Campbell (2015),110.19
Nicholas Thompson (2015),110.15
Jeff Overton (2015),110.11
Scott Langley (2015),110.02
Greg Chalmers (2015),110.02
Robert Allenby (2015),109.97
Roberto Castro (2015),109.8
Bill Lunde (2015),109.68
Luke Donald (2015),109.64
Chad Collins (2015),109.6
Danny Lee (2015),109.56
John Merrick (2015),109.44
Chez Reavie (2015),109.32
Jim Furyk (2015),109.28
Chris Stroud (2015),109.22
John Huh (2015),109.06
Ryan Moore (2015),108.89
Zac Blair (2015),108.72
Cameron Tringale (2015),108.67
Bryce Molder (2015),108.64
Alex Cejka (2015),108.52
Jason Bohn (2015),108.49
Billy Hurley III (2015),108.47
David Hearn (2015),107.95
Zach Johnson (2015),107.74
Tim Wilkinson (2015),107.69
Mark Wilson (2015),107.25
Colt Knost (2015),107.19
K.J. Choi (2015),107.02
Jerry Kelly (2015),106.85
Brendon Todd (2015),106.8
Brian Stuard (2015),106.31
Jon Curran (2015),106.17
Steven Alker (2015),106.13
Brian Davis (2015),105.49
Ben Crane (2015),104.59
Justin Leonard (2015),104.11
Heath Slocum (2015),103.6
David Toms (2015),101.87
Andrew Loupe (2016),125.5
Gary Woodland (2016),124.78
Jhonattan Vegas (2016),123.94
Tony Finau (2016),123.67
Hudson Swafford (2016),123.67
Sergio Garcia (2016),122.83
Luke List (2016),122.58
Dustin Johnson (2016),122.42
Brooks Koepka (2016),121.84
Bubba Watson (2016),121.63
J.B. Holmes (2016),121.16
Derek Ernst (2016),120.85
Jason Kokrak (2016),120.46
Jamie Lovemark (2016),120.18
Rory McIlroy (2016),119.84
Smylie Kaufman (2016),119.84
Adam Scott (2016),119.75
Patrick Rodgers (2016),118.83
Charles Howell III (2016),118.53
Patrick Reed (2016),118.5
Charl Schwartzel (2016),118.45
Justin Rose (2016),118.38
Greg Owen (2016),118.35
Brendan Steele (2016),118.29
Jason Day (2016),118.26
Graham DeLaet (2016),118.21
Harold Varner III (2016),118.18
Ricky Barnes (2016),117.9
John Senden (2016),117.83
Rickie Fowler (2016),117.71
Paul Casey (2016),117.62
Stewart Cink (2016),117.28
Dawie van der Walt (2016),117.23
Steven Bowditch (2016),117.12
Kevin Chappell (2016),117.02
Scott Pinckney (2016),116.91
Robert Garrigus (2016),116.9
Matt Jones (2016),116.86
Justin Thomas (2016),116.79
Keegan Bradley (2016),116.67
Daniel Berger (2016),116.35
Rhein Gibson (2016),116.33
Aaron Baddeley (2016),116.2
Robert Streb (2016),116.17
Charley Hoffman (2016),116.05
Carlos Ortiz (2016),115.89
Andres Gonzales (2016),115.87
Harris English (2016),115.8
Lucas Glover (2016),115.63
Ángel Cabrera (2016),115.59
Branden Grace (2016),115.59
Phil Mickelson (2016),115.41
Martin Laird (2016),115.33
Jimmy Walker (2016),115.3
Tom Hoge (2016),115.18
Will Wilcox (2016),115.16
Marc Leishman (2016),115.1
Seung-Yul Noh (2016),115.02
George McNeill (2016),114.96
Ryan Palmer (2016),114.93
Si Woo Kim (2016),114.75
Emiliano Grillo (2016),114.67
Jim Herman (2016),114.49
Bill Haas (2016),114.43
Shawn Stefani (2016),114.38
Steve Marino (2016),114.24
Sean O'Hair (2016),114.21
Adam Hadwin (2016),114.05
Russell Henley (2016),114
Rod Pampling (2016),113.74
Jason Dufner (2016),113.69
Geoff Ogilvy (2016),113.67
Scott Piercy (2016),113.64
Ben Martin (2016),113.57
Shane Lowry (2016),113.51
Hunter Mahan (2016),113.44
Sung Kang (2016),113.4
Billy Horschel (2016),113.38
Louis Oosthuizen (2016),113.34
Patton Kizzire (2016),113.15
Hiroshi Iwata (2016),113.1
Rob Oppenheim (2016),113.09
James Hahn (2016),113.08
Henrik Norlander (2016),113.05
Hideki Matsuyama (2016),112.84
Freddie Jacobson (2016),112.81
Bronson Burgoon (2016),112.71
Fabián Gómez (2016),112.61
Brendon de Jonge (2016),112.57
Morgan Hoffmann (2016),112.55
Tyrone Van Aswegen (2016),112.52
Scott Stallings (2016),112.45
Jason Gore (2016),112.44
Padraig Harrington (2016),112.36
Brett Stegmaier (2016),112.34
Wes Roach (2016),112.32
Anirban Lahiri (2016),112.26
Kevin Na (2016),112.24
Michael Thompson (2016),112.18
Chesson Hadley (2016),112.18
Boo Weekley (2016),112.17
Mark Hubbard (2016),112.15
Erik Compton (2016),112.14
Chris Stroud (2016),112.12
Sam Saunders (2016),112.1
Brandt Snedeker (2016),111.96
Steve Wheatcroft (2016),111.95
Jordan Spieth (2016),111.86
Kevin Streelman (2016),111.82
Scott Brown (2016),111.74
William McGirt (2016),111.72
Francesco Molinari (2016),111.72
Retief Goosen (2016),111.7
Cameron Smith (2016),111.7
Webb Simpson (2016),111.69
Daniel Summerhays (2016),111.66
Kyle Stanley (2016),111.6
Thomas Aiken (2016),111.53
Nick Taylor (2016),111.43
Chad Campbell (2016),111.38
Russell Knox (2016),111.37
Whee Kim (2016),111.35
Roberto Castro (2016),111.17
Kelly Kraft (2016),111.1
J.J. Henry (2016),111.1
Graeme McDowell (2016),111.1
Rory Sabbatini (2016),110.99
Luke Guthrie (2016),110.89
Jonas Blixt (2016),110.86
Kyle Reifers (2016),110.82
Scott Langley (2016),110.79
Derek Fathauer (2016),110.78
Michael Kim (2016),110.74
Johnson Wagner (2016),110.66
Brian Harman (2016),110.49
Cameron Tringale (2016),110.43
Luke Donald (2016),110.43
Troy Merritt (2016),110.41
Andrew Landry (2016),110.35
Kevin Kisner (2016),110.18
Ernie Els (2016),110.18
Danny Lee (2016),110.16
Tyler Aldridge (2016),110.09
Camilo Villegas (2016),110.06
Chris Kirk (2016),109.99
Vijay Singh (2016),109.93
Chad Collins (2016),109.93
Bryce Molder (2016),109.89
Will MacKenzie (2016),109.77
Blayne Barber (2016),109.64
Martin Piller (2016),109.62
David Lingmerth (2016),109.41
John Huh (2016),109.38
Steve Stricker (2016),109.23
Matt Kuchar (2016),108.89
Billy Hurley III (2016),108.82
Jon Curran (2016),108.71
D.A. Points (2016),108.7
Spencer Levin (2016),108.68
Chez Reavie (2016),108.67
Jeff Overton (2016),108.6
Jim Furyk (2016),108.27
Stuart Appleby (2016),108.07
D.H. Lee (2016),107.94
Peter Malnati (2016),107.92
David Hearn (2016),107.8
Alex Cejka (2016),107.76
Jason Bohn (2016),107.76
Ken Duke (2016),107.56
Brendon Todd (2016),107.49
Dicky Pride (2016),107.35
Robert Allenby (2016),107.32
Mark Wilson (2016),107.22
Ryan Moore (2016),107.18
Vaughn Taylor (2016),107.07
Zac Blair (2016),107.01
Abraham Ancer (2016),106.9
Tim Wilkinson (2016),106.69
K.J. Choi (2016),106.23
Zach Johnson (2016),106.13
Jerry Kelly (2016),105.99
Ben Crane (2016),105.86
Colt Knost (2016),105.34
Brian Stuard (2016),104.54
David Toms (2016),100.91
Ryan Brehm (2017),128.18
Brandon Hagy (2017),126.49
Andrew Loupe (2017),124.63
Brooks Koepka (2017),124.28
Ollie Schniederjans (2017),123.34
Jhonattan Vegas (2017),123.16
Tony Finau (2017),123.11
Gary Woodland (2017),122.67
Hudson Swafford (2017),122.67
Kevin Tway (2017),122.57
J.B. Holmes (2017),121.68
Patrick Rodgers (2017),121.55
Bubba Watson (2017),121.46
Dustin Johnson (2017),121.17
Luke List (2017),120.71
Grayson Murray (2017),120.48
Trey Mullinax (2017),120.29
Rory McIlroy (2017),120.03
Kevin Chappell (2017),119.95
Sergio Garcia (2017),119.76
Jason Kokrak (2017),119.54
Jason Day (2017),119.47
Nick Watney (2017),119.36
Charl Schwartzel (2017),119.35
Harold Varner III (2017),118.82
Daniel Berger (2017),118.78
Adam Scott (2017),118.55
Jamie Lovemark (2017),118.54
Marc Leishman (2017),118.53
Xander Schauffele (2017),118.34
Matt Jones (2017),118.29
Hideki Matsuyama (2017),118.13
Sebastián Muñoz (2017),118.11
Seamus Power (2017),117.93
Martin Flores (2017),117.85
Harris English (2017),117.82
Bryson DeChambeau (2017),117.74
Brendan Steele (2017),117.37
Brian Campbell (2017),117.31
Smylie Kaufman (2017),117.28
Robert Garrigus (2017),117.24
Charley Hoffman (2017),117.23
Matt Every (2017),117.14
Justin Thomas (2017),117.07
Patrick Reed (2017),116.86
Justin Rose (2017),116.84
Ryo Ishikawa (2017),116.7
Graham DeLaet (2017),116.69
Jon Rahm (2017),116.68
Seung-Yul Noh (2017),116.62
Ryan Palmer (2017),116.59
Steven Bowditch (2017),116.55
Tag Ridings (2017),116.43
Cody Gribble (2017),116.39
Lucas Glover (2017),116.35
Andres Gonzales (2017),116.3
Paul Casey (2017),116.27
Billy Horschel (2017),116.12
Jim Herman (2017),116.11
Charles Howell III (2017),116.05
Robert Streb (2017),116.04
Brad Fritsch (2017),116.03
Ricky Barnes (2017),115.95
Stewart Cink (2017),115.88
Gonzalo Fernandez-Castaño (2017),115.8
Aaron Baddeley (2017),115.8
Rick Lamb (2017),115.79
Mackenzie Hughes (2017),115.69
Keegan Bradley (2017),115.67
Branden Grace (2017),115.63
Hunter Mahan (2017),115.58
J.T. Poston (2017),115.53
Martin Laird (2017),115.46
Mark Hubbard (2017),115.41
Byeong Hun An (2017),115.41
Sung Kang (2017),115.33
J.J. Spaun (2017),115.3
Pat Perez (2017),115.15
Rickie Fowler (2017),115.12
Sean O'Hair (2017),115.09
Adam Hadwin (2017),114.97
Scott Stallings (2017),114.96
Dominic Bozzelli (2017),114.66
Shane Lowry (2017),114.6
Jimmy Walker (2017),114.44
Emiliano Grillo (2017),114.39
Brett Drewitt (2017),114.35
Bill Haas (2017),114.33
Shawn Stefani (2017),114.32
Cameron Smith (2017),114.27
Phil Mickelson (2017),114.24
Louis Oosthuizen (2017),114.23
Si Woo Kim (2017),114.2
J.J. Henry (2017),114.17
Kevin Streelman (2017),114.04
Jonathan Randolph (2017),114.02
Patrick Cantlay (2017),113.94
Julián Etulain (2017),113.9
Luke Donald (2017),113.54
Patton Kizzire (2017),113.48
James Hahn (2017),113.38
Russell Henley (2017),113.37
Anirban Lahiri (2017),113.25
Rod Pampling (2017),113.2
Jason Dufner (2017),113.2
Ben Martin (2017),113.16
Fabián Gómez (2017),113.15
Jordan Spieth (2017),113.11
Tyrone Van Aswegen (2017),113.07
Boo Weekley (2017),113.02
Whee Kim (2017),112.95
Mark Anderson (2017),112.85
Danny Lee (2017),112.81
Roberto Castro (2017),112.8
Retief Goosen (2017),112.8
Scott Brown (2017),112.78
Bud Cauley (2017),112.76
Scott Piercy (2017),112.75
Kyle Stanley (2017),112.69
Sam Saunders (2017),112.48
Tom Hoge (2017),112.35
Brandt Snedeker (2017),112.3
Kevin Kisner (2017),112.22
Francesco Molinari (2017),112.22
Morgan Hoffmann (2017),112.21
Michael Thompson (2017),111.99
Geoff Ogilvy (2017),111.97
Kevin Na (2017),111.77
David Lingmerth (2017),111.77
Chris Stroud (2017),111.75
Chad Campbell (2017),111.71
Troy Merritt (2017),111.64
Kelly Kraft (2017),111.6
Russell Knox (2017),111.53
Miguel Angel Carballo (2017),111.49
Steve Wheatcroft (2017),111.43
Jonas Blixt (2017),111.31
Blayne Barber (2017),111.27
Nicholas Lindheim (2017),111.22
Rafa Cabrera Bello (2017),111.17
Daniel Summerhays (2017),111.1
Michael Kim (2017),111.1
Rory Sabbatini (2017),111.07
Cameron Tringale (2017),110.85
Cameron Percy (2017),110.84
Richy Werenski (2017),110.78
Ian Poulter (2017),110.76
Brett Stegmaier (2017),110.74
William McGirt (2017),110.73
Derek Fathauer (2017),110.68
Johnson Wagner (2017),110.66
Chris Kirk (2017),110.27
Nick Taylor (2017),110.1
Camilo Villegas (2017),110.09
Chad Collins (2017),110.04
Webb Simpson (2017),109.97
Bryce Molder (2017),109.93
Ryan Armour (2017),109.89
David Hearn (2017),109.85
C.T. Pan (2017),109.85
Graeme McDowell (2017),109.61
Wesley Bryan (2017),109.52
Søren Kjeldsen (2017),109.39
Brian Harman (2017),109.35
Ernie Els (2017),109.18
Ryan Blaum (2017),109.09
Kyle Reifers (2017),109.07
John Huh (2017),108.97
Chez Reavie (2017),108.88
Billy Hurley III (2017),108.71
Matt Kuchar (2017),108.57
Zach Johnson (2017),108.36
Ryan Moore (2017),108.33
Greg Chalmers (2017),108.27
D.A. Points (2017),108.26
Carl Pettersson (2017),108.24
Peter Malnati (2017),108.21
Spencer Levin (2017),107.86
Alex Cejka (2017),107.59
Ben Crane (2017),107.37
Jim Furyk (2017),107.33
K.J. Choi (2017),107.24
Vaughn Taylor (2017),106.95
Steven Alker (2017),106.69
Brian Gay (2017),106.62
Ken Duke (2017),106.45
Tim Wilkinson (2017),105.85
Zac Blair (2017),105.85
Brian Stuard (2017),105.75
Jason Bohn (2017),105.66
Keith Mitchell (2018),124.83
Peter Uihlein (2018),122.99
Gary Woodland (2018),122.68
Brooks Koepka (2018),122.42
Kevin Tway (2018),122.13
Jhonattan Vegas (2018),121.87
Tony Finau (2018),121.52
Luke List (2018),121.44
Rory McIlroy (2018),121.42
Dustin Johnson (2018),121.38
Bubba Watson (2018),121.29
Trey Mullinax (2018),121.29
Adam Scott (2018),120.85
J.B. Holmes (2018),120.83
Adam Schenk (2018),120.59
Tom Lovelady (2018),120.53
Tiger Woods (2018),120.24
Lanto Griffin (2018),119.4
Ollie Schniederjans (2018),119.28
Kevin Chappell (2018),119.25
Conrad Shindler (2018),119.23
Charl Schwartzel (2018),118.79
Patrick Rodgers (2018),118.75
Seamus Power (2018),118.71
Grayson Murray (2018),118.59
Jon Rahm (2018),118.49
Nick Watney (2018),118.45
Hudson Swafford (2018),118.29
Jason Kokrak (2018),118.14
Matt Jones (2018),118.06
Charles Howell III (2018),118.01
Bryson DeChambeau (2018),117.83
Alex Noren (2018),117.78
Xander Schauffele (2018),117.61
Talor Gooch (2018),117.54
Paul Casey (2018),117.34
Justin Thomas (2018),117.27
Patrick Reed (2018),117.26
Jason Day (2018),117.26
Byeong Hun An (2018),117.2
Sam Ryder (2018),117.17
Robert Garrigus (2018),117.13
Tommy Fleetwood (2018),117.09
Justin Rose (2018),117
Ricky Barnes (2018),116.94
Hideki Matsuyama (2018),116.94
Brendan Steele (2018),116.88
Harold Varner III (2018),116.83
Pat Perez (2018),116.79
Harris English (2018),116.77
Brandon Harkins (2018),116.76
Ryan Palmer (2018),116.66
Zecheng Dou (2018),116.53
Phil Mickelson (2018),116.48
Matt Atkins (2018),116.19
Jamie Lovemark (2018),116.14
Ethan Tracy (2018),115.99
Rickie Fowler (2018),115.89
Henrik Stenson (2018),115.85
Charley Hoffman (2018),115.76
Scott Stallings (2018),115.72
J.T. Poston (2018),115.72
Tyrrell Hatton (2018),115.69
Jimmy Walker (2018),115.6
Patton Kizzire (2018),115.57
Stewart Cink (2018),115.54
Bill Haas (2018),115.39
Marc Leishman (2018),115.34
Lucas Glover (2018),115.31
Hunter Mahan (2018),115.27
Branden Grace (2018),115.23
Daniel Berger (2018),115.21
Robert Streb (2018),115.13
Mackenzie Hughes (2018),115.01
Emiliano Grillo (2018),115
Shawn Stefani (2018),114.97
Xinjun Zhang (2018),114.95
Martin Laird (2018),114.93
Martin Flores (2018),114.91
Dominic Bozzelli (2018),114.91
Patrick Cantlay (2018),114.8
Corey Conners (2018),114.66
J.J. Spaun (2018),114.58
Kevin Streelman (2018),114.53
Shane Lowry (2018),114.49
Billy Horschel (2018),114.48
Sean O'Hair (2018),114.47
Keegan Bradley (2018),114.39
Aaron Wise (2018),114.38
Louis Oosthuizen (2018),114.36
Tyler Duncan (2018),114.3
James Hahn (2018),114.28
Chesson Hadley (2018),114.26
Aaron Baddeley (2018),113.89
Nate Lashley (2018),113.86
Kevin Na (2018),113.76
Nicholas Lindheim (2018),113.56
Stephan Jaeger (2018),113.54
"Ted Potter, Jr. (2018)",113.5
Scott Brown (2018),113.5
Sam Saunders (2018),113.47
Kiradech Aphibarnrat (2018),113.46
Cameron Smith (2018),113.45
Jordan Spieth (2018),113.44
Andrew Putnam (2018),113.36
Bronson Burgoon (2018),113.33
Denny McCarthy (2018),113.28
Matt Every (2018),113.06
Joel Dahmen (2018),112.78
J.J. Henry (2018),112.78
Francesco Molinari (2018),112.73
Kyle Stanley (2018),112.65
Scott Piercy (2018),112.59
Sung Kang (2018),112.57
Kevin Kisner (2018),112.5
Jason Dufner (2018),112.4
Rod Pampling (2018),112.37
Cody Gribble (2018),112.31
Bud Cauley (2018),112.3
Russell Henley (2018),112.29
Ben Martin (2018),112.2
Brice Garnett (2018),112.2
Rafa Cabrera Bello (2018),112.17
Rob Oppenheim (2018),112.17
Rory Sabbatini (2018),112.09
Fabián Gómez (2018),112.05
Troy Merritt (2018),112.04
Chris Kirk (2018),112.01
Retief Goosen (2018),111.99
Chris Stroud (2018),111.96
Tyrone Van Aswegen (2018),111.94
Anirban Lahiri (2018),111.86
Abraham Ancer (2018),111.85
Tom Hoge (2018),111.82
Michael Thompson (2018),111.7
Adam Hadwin (2018),111.69
Ian Poulter (2018),111.62
Si Woo Kim (2018),111.53
Jonathan Byrd (2018),111.51
Beau Hossler (2018),111.47
Peter Malnati (2018),111.46
Jonathan Randolph (2018),111.45
Graeme McDowell (2018),111.44
Russell Knox (2018),111.36
C.T. Pan (2018),111.32
Cameron Tringale (2018),111.28
Blayne Barber (2018),111.16
Brandt Snedeker (2018),111.12
Cameron Percy (2018),111.11
Austin Cook (2018),110.96
Danny Lee (2018),110.92
Webb Simpson (2018),110.89
Satoshi Kodaira (2018),110.87
Andrew Landry (2018),110.86
Brett Stegmaier (2018),110.85
Ben Silverman (2018),110.66
Michael Kim (2018),110.64
Andrew Yun (2018),110.52
Jonas Blixt (2018),110.49
Derek Fathauer (2018),110.46
William McGirt (2018),110.35
Zach Johnson (2018),110
Brian Harman (2018),109.93
Nick Taylor (2018),109.88
Martin Piller (2018),109.67
Whee Kim (2018),109.67
Chad Campbell (2018),109.5
David Lingmerth (2018),109.47
Ryan Moore (2018),109.43
Steve Wheatcroft (2018),109.41
John Huh (2018),109.36
Billy Hurley III (2018),109.3
Ryan Armour (2018),109.29
Daniel Summerhays (2018),109.15
Richy Werenski (2018),109.08
Chez Reavie (2018),108.83
Roberto Díaz (2018),108.82
Wesley Bryan (2018),108.78
Johnson Wagner (2018),108.61
Kelly Kraft (2018),108.58
Greg Chalmers (2018),108.56
Ryan Blaum (2018),108.05
Matt Kuchar (2018),107.97
D.A. Points (2018),107.93
Zac Blair (2018),107.9
Ben Crane (2018),107.78
David Hearn (2018),107.54
Alex Cejka (2018),107.28
Vaughn Taylor (2018),107.04
Kyle Thompson (2018),106.27
Brian Stuard (2018),105.86
Brian Gay (2018),105.76
Jim Furyk (2018),105.27
