Player,Putt <10 % Made
Brendon Todd (2015),90.39
Kevin Kisner (2015),89.78
Rickie Fowler (2015),89.76
Ryan Palmer (2015),89.69
Harris English (2015),89.68
Johnson Wagner (2015),89.63
Jason Day (2015),89.6
Jim Furyk (2015),89.45
Troy Merritt (2015),89.43
Greg Chalmers (2015),89.39
Brandt Snedeker (2015),89.34
Daniel Summerhays (2015),89.27
Derek Fathauer (2015),89.21
Brooks Koepka (2015),89.14
Adam Hadwin (2015),89.08
Bryce Molder (2015),89.04
Jon Curran (2015),89.01
Graham DeLaet (2015),88.94
Russell Henley (2015),88.93
Zac Blair (2015),88.91
Bo Van Pelt (2015),88.87
Brian Harman (2015),88.83
Davis Love III (2015),88.83
Lee Westwood (2015),88.81
Erik Compton (2015),88.79
Robert Streb (2015),88.79
Daniel Berger (2015),88.76
Jim Herman (2015),88.75
Jamie Donaldson (2015),88.75
Aaron Baddeley (2015),88.69
Jason Bohn (2015),88.68
Steve Wheatcroft (2015),88.62
Billy Hurley III (2015),88.61
Andrew Putnam (2015),88.59
Carl Pettersson (2015),88.55
Matt Kuchar (2015),88.55
Jimmy Walker (2015),88.54
Justin Thomas (2015),88.54
Bill Haas (2015),88.54
Eric Axley (2015),88.5
J.J. Henry (2015),88.49
Alex Prugh (2015),88.49
K.J. Choi (2015),88.47
Billy Horschel (2015),88.45
John Peterson (2015),88.39
Colt Knost (2015),88.38
Hunter Mahan (2015),88.3
Tyrone Van Aswegen (2015),88.3
Cameron Percy (2015),88.28
Hudson Swafford (2015),88.24
Steven Bowditch (2015),88.21
Jordan Spieth (2015),88.2
Luke Donald (2015),88.2
Kevin Na (2015),88.2
Francesco Molinari (2015),88.18
Ben Crane (2015),88.17
Ricky Barnes (2015),88.17
Henrik Stenson (2015),88.15
Scott Pinckney (2015),88.13
Brendon de Jonge (2015),88.12
Mark Hubbard (2015),88.08
Ryan Moore (2015),88.06
Michael Thompson (2015),88.03
Russell Knox (2015),88.03
Shawn Stefani (2015),88.02
Ben Martin (2015),88.01
Jerry Kelly (2015),88
Chad Collins (2015),87.99
Andres Romero (2015),87.97
Scott Brown (2015),87.97
Fabián Gómez (2015),87.96
Charley Hoffman (2015),87.94
George McNeill (2015),87.89
David Hearn (2015),87.89
Max Homa (2015),87.86
D.A. Points (2015),87.84
Will Wilcox (2015),87.82
Rory Sabbatini (2015),87.82
Hideki Matsuyama (2015),87.81
Danny Lee (2015),87.8
Jeff Overton (2015),87.78
Keegan Bradley (2015),87.77
Andres Gonzales (2015),87.76
Louis Oosthuizen (2015),87.76
Bubba Watson (2015),87.75
Martin Laird (2015),87.72
Chad Campbell (2015),87.7
Chris Kirk (2015),87.7
Morgan Hoffmann (2015),87.7
Marc Leishman (2015),87.68
Blayne Barber (2015),87.67
Gary Woodland (2015),87.65
Chesson Hadley (2015),87.64
Carlos Ortiz (2015),87.62
Jason Kokrak (2015),87.57
Chez Reavie (2015),87.57
Sung Joon Park (2015),87.55
Sergio Garcia (2015),87.54
Cameron Tringale (2015),87.51
Patrick Rodgers (2015),87.49
Zach Johnson (2015),87.42
Steven Alker (2015),87.42
Roger Sloan (2015),87.37
Seung-Yul Noh (2015),87.37
Sam Saunders (2015),87.35
Alex Cejka (2015),87.34
Sangmoon Bae (2015),87.3
Pat Perez (2015),87.28
David Lingmerth (2015),87.28
William McGirt (2015),87.26
Justin Rose (2015),87.24
Gonzalo Fernandez-Castaño (2015),87.24
Justin Leonard (2015),87.24
Phil Mickelson (2015),87.23
Retief Goosen (2015),87.21
Scott Piercy (2015),87.2
Oscar Fraustro (2015),87.2
Kevin Chappell (2015),87.19
David Toms (2015),87.18
Dustin Johnson (2015),87.16
John Huh (2015),87.16
Brendan Steele (2015),87.15
Kyle Reifers (2015),87.14
Spencer Levin (2015),87.1
Derek Ernst (2015),87.08
Patrick Reed (2015),87.08
Charles Howell III (2015),87.07
Paul Casey (2015),87.04
Brice Garnett (2015),87.03
Mark Wilson (2015),87.03
J.B. Holmes (2015),87.02
James Hahn (2015),87.02
Sean O'Hair (2015),87.02
Jhonattan Vegas (2015),86.96
Ian Poulter (2015),86.96
Tom Hoge (2015),86.94
Jonathan Randolph (2015),86.88
Martin Flores (2015),86.88
John Senden (2015),86.88
Charl Schwartzel (2015),86.87
Kevin Streelman (2015),86.86
Scott Langley (2015),86.86
Tony Finau (2015),86.83
Boo Weekley (2015),86.82
Matt Jones (2015),86.82
Nick Taylor (2015),86.81
Chris Stroud (2015),86.8
Jonas Blixt (2015),86.8
Jonathan Byrd (2015),86.72
Matt Every (2015),86.7
Luke Guthrie (2015),86.69
Ryo Ishikawa (2015),86.64
Bill Lunde (2015),86.63
Michael Putnam (2015),86.53
Camilo Villegas (2015),86.43
Stewart Cink (2015),86.43
Byron Smith (2015),86.36
Nick Watney (2015),86.36
Robert Allenby (2015),86.34
Andrew Svoboda (2015),86.34
Vijay Singh (2015),86.26
Brian Davis (2015),86.18
Ángel Cabrera (2015),86.16
Webb Simpson (2015),86.14
Ken Duke (2015),86.06
Jason Gore (2015),86
Robert Garrigus (2015),85.96
Tim Wilkinson (2015),85.95
Adam Scott (2015),85.93
Scott Stallings (2015),85.87
Whee Kim (2015),85.82
Nicholas Thompson (2015),85.75
Brian Stuard (2015),85.72
Greg Owen (2015),85.4
Padraig Harrington (2015),85.38
Jim Renner (2015),85.36
Heath Slocum (2015),85.33
Roberto Castro (2015),84.98
Geoff Ogilvy (2015),84.97
Charlie Beljan (2015),84.85
Ernie Els (2015),84.69
Jason Dufner (2015),84.08
Lucas Glover (2015),83.8
John Merrick (2015),83.42
Kevin Kisner (2016),90.3
Colt Knost (2016),90.16
Andrew Landry (2016),89.93
Aaron Baddeley (2016),89.82
Phil Mickelson (2016),89.79
Billy Hurley III (2016),89.66
Bryce Molder (2016),89.46
Martin Piller (2016),89.42
Brian Harman (2016),89.19
William McGirt (2016),89.13
Freddie Jacobson (2016),89.11
David Toms (2016),89.07
Rickie Fowler (2016),89.05
Jim Furyk (2016),88.92
Ryan Moore (2016),88.87
Emiliano Grillo (2016),88.86
Daniel Summerhays (2016),88.86
Troy Merritt (2016),88.85
Ben Crane (2016),88.83
Patrick Reed (2016),88.81
Jon Curran (2016),88.77
Martin Laird (2016),88.74
Charles Howell III (2016),88.72
Marc Leishman (2016),88.69
Chris Kirk (2016),88.68
Jason Day (2016),88.68
Kelly Kraft (2016),88.67
Zach Johnson (2016),88.67
Retief Goosen (2016),88.64
Brendon Todd (2016),88.57
Harris English (2016),88.55
Adam Hadwin (2016),88.53
Matt Kuchar (2016),88.53
Mark Hubbard (2016),88.52
Brendon de Jonge (2016),88.51
Derek Fathauer (2016),88.49
Luke Donald (2016),88.48
Jimmy Walker (2016),88.47
Peter Malnati (2016),88.46
Spencer Levin (2016),88.46
Gary Woodland (2016),88.43
Thomas Aiken (2016),88.42
David Lingmerth (2016),88.4
Erik Compton (2016),88.35
Brandt Snedeker (2016),88.33
Russell Henley (2016),88.29
Ben Martin (2016),88.29
Jordan Spieth (2016),88.27
Paul Casey (2016),88.27
Patton Kizzire (2016),88.24
Mark Wilson (2016),88.24
Michael Kim (2016),88.19
Hudson Swafford (2016),88.19
Alex Cejka (2016),88.17
Daniel Berger (2016),88.16
Scott Langley (2016),88.13
Jonas Blixt (2016),88.11
Justin Thomas (2016),88.07
David Hearn (2016),88.07
Ricky Barnes (2016),88.07
John Senden (2016),88.07
Wes Roach (2016),88.03
Dawie van der Walt (2016),88.02
Seung-Yul Noh (2016),88
John Huh (2016),87.99
Sung Kang (2016),87.97
Sean O'Hair (2016),87.97
Anirban Lahiri (2016),87.96
Brett Stegmaier (2016),87.96
Steve Stricker (2016),87.96
Chad Collins (2016),87.94
Stuart Appleby (2016),87.94
Jason Bohn (2016),87.92
Whee Kim (2016),87.9
Tyrone Van Aswegen (2016),87.77
Johnson Wagner (2016),87.7
D.H. Lee (2016),87.68
Graeme McDowell (2016),87.66
Luke Guthrie (2016),87.65
Patrick Rodgers (2016),87.63
Camilo Villegas (2016),87.62
Kevin Chappell (2016),87.58
Will Wilcox (2016),87.57
Zac Blair (2016),87.54
Shawn Stefani (2016),87.53
Russell Knox (2016),87.53
J.J. Henry (2016),87.52
Ryan Palmer (2016),87.49
Billy Horschel (2016),87.48
Jerry Kelly (2016),87.46
Andres Gonzales (2016),87.43
Adam Scott (2016),87.42
Cameron Smith (2016),87.41
Scott Pinckney (2016),87.37
Graham DeLaet (2016),87.33
Stewart Cink (2016),87.32
Nick Taylor (2016),87.3
Jim Herman (2016),87.28
Jason Gore (2016),87.28
Hiroshi Iwata (2016),87.27
Lucas Glover (2016),87.27
Roberto Castro (2016),87.26
Dustin Johnson (2016),87.25
Steve Wheatcroft (2016),87.24
Jason Kokrak (2016),87.23
K.J. Choi (2016),87.23
Scott Brown (2016),87.22
Bronson Burgoon (2016),87.22
Scott Piercy (2016),87.21
Branden Grace (2016),87.2
Brooks Koepka (2016),87.18
Shane Lowry (2016),87.18
Danny Lee (2016),87.18
Blayne Barber (2016),87.16
Tyler Aldridge (2016),87.15
Hunter Mahan (2016),87.15
Ernie Els (2016),87.15
Rhein Gibson (2016),87.08
Chez Reavie (2016),87.08
Si Woo Kim (2016),87.05
Bill Haas (2016),87.05
Fabián Gómez (2016),87.03
Louis Oosthuizen (2016),87.03
Jhonattan Vegas (2016),87.02
Kyle Reifers (2016),87.01
Morgan Hoffmann (2016),86.97
Brian Stuard (2016),86.96
Kevin Streelman (2016),86.92
Hideki Matsuyama (2016),86.9
Kyle Stanley (2016),86.9
Sergio Garcia (2016),86.9
James Hahn (2016),86.89
Vijay Singh (2016),86.88
Francesco Molinari (2016),86.86
Chad Campbell (2016),86.86
Chris Stroud (2016),86.8
Keegan Bradley (2016),86.77
Tony Finau (2016),86.77
Ángel Cabrera (2016),86.77
Tim Wilkinson (2016),86.73
Smylie Kaufman (2016),86.71
Henrik Norlander (2016),86.7
Steve Marino (2016),86.64
Chesson Hadley (2016),86.6
Cameron Tringale (2016),86.6
Scott Stallings (2016),86.57
Harold Varner III (2016),86.54
Jamie Lovemark (2016),86.5
Sam Saunders (2016),86.49
Brendan Steele (2016),86.45
Dicky Pride (2016),86.45
Andrew Loupe (2016),86.35
Will MacKenzie (2016),86.35
Geoff Ogilvy (2016),86.32
Justin Rose (2016),86.31
Michael Thompson (2016),86.25
Kevin Na (2016),86.25
Robert Allenby (2016),86.25
Derek Ernst (2016),86.22
Matt Jones (2016),86.22
Steven Bowditch (2016),86.2
Robert Streb (2016),86.18
Padraig Harrington (2016),86.14
Jeff Overton (2016),86
Rory McIlroy (2016),85.97
Jason Dufner (2016),85.94
Abraham Ancer (2016),85.93
Tom Hoge (2016),85.9
Luke List (2016),85.9
Rob Oppenheim (2016),85.88
Bubba Watson (2016),85.82
Vaughn Taylor (2016),85.81
Robert Garrigus (2016),85.78
Carlos Ortiz (2016),85.76
Charley Hoffman (2016),85.73
Boo Weekley (2016),85.49
J.B. Holmes (2016),85.44
Rod Pampling (2016),85.33
Charl Schwartzel (2016),85.2
Webb Simpson (2016),84.96
D.A. Points (2016),84.82
George McNeill (2016),84.49
Ken Duke (2016),84.46
Rory Sabbatini (2016),83.59
Greg Owen (2016),83.12
Shane Lowry (2017),90.24
Brian Harman (2017),90.04
Michael Thompson (2017),89.78
Cameron Smith (2017),89.54
Brian Gay (2017),89.27
Patrick Reed (2017),89.26
Rafa Cabrera Bello (2017),89.2
Luke Donald (2017),89.18
Ryan Blaum (2017),89.17
Xander Schauffele (2017),89.12
David Lingmerth (2017),89.04
Hunter Mahan (2017),89.03
Spencer Levin (2017),88.94
Geoff Ogilvy (2017),88.93
Charles Howell III (2017),88.9
Chez Reavie (2017),88.8
Harris English (2017),88.79
Kevin Kisner (2017),88.79
Brandt Snedeker (2017),88.77
Steve Wheatcroft (2017),88.76
Zach Johnson (2017),88.74
Louis Oosthuizen (2017),88.65
J.T. Poston (2017),88.61
Bryce Molder (2017),88.61
Greg Chalmers (2017),88.58
Scott Brown (2017),88.57
Brandon Hagy (2017),88.52
Richy Werenski (2017),88.5
Marc Leishman (2017),88.48
Jason Bohn (2017),88.44
Ernie Els (2017),88.43
Mackenzie Hughes (2017),88.41
Seamus Power (2017),88.41
Gonzalo Fernandez-Castaño (2017),88.36
Blayne Barber (2017),88.34
Ian Poulter (2017),88.34
Derek Fathauer (2017),88.33
Brian Campbell (2017),88.32
Phil Mickelson (2017),88.31
Peter Malnati (2017),88.28
Chad Collins (2017),88.28
Matt Jones (2017),88.27
Russell Henley (2017),88.26
Adam Hadwin (2017),88.26
Kevin Tway (2017),88.24
Rickie Fowler (2017),88.22
Daniel Summerhays (2017),88.22
John Huh (2017),88.18
Hudson Swafford (2017),88.16
Andres Gonzales (2017),88.15
Matt Kuchar (2017),88.12
Michael Kim (2017),88.11
Jim Herman (2017),88.09
J.J. Spaun (2017),88.08
Bill Haas (2017),88.08
Billy Hurley III (2017),88.06
David Hearn (2017),88.03
C.T. Pan (2017),88.01
Shawn Stefani (2017),87.99
Ryan Moore (2017),87.99
Seung-Yul Noh (2017),87.95
Danny Lee (2017),87.92
Graham DeLaet (2017),87.9
Patrick Cantlay (2017),87.89
Martin Laird (2017),87.87
William McGirt (2017),87.86
Webb Simpson (2017),87.86
Ricky Barnes (2017),87.86
J.J. Henry (2017),87.83
Carl Pettersson (2017),87.82
Martin Flores (2017),87.8
Wesley Bryan (2017),87.77
Charl Schwartzel (2017),87.77
K.J. Choi (2017),87.77
Sean O'Hair (2017),87.76
Whee Kim (2017),87.74
James Hahn (2017),87.72
Tim Wilkinson (2017),87.7
Søren Kjeldsen (2017),87.7
Julián Etulain (2017),87.67
Johnson Wagner (2017),87.66
Brooks Koepka (2017),87.65
Cameron Tringale (2017),87.65
Stewart Cink (2017),87.65
Ryo Ishikawa (2017),87.61
Billy Horschel (2017),87.6
Jonas Blixt (2017),87.59
Lucas Glover (2017),87.59
Sung Kang (2017),87.57
Dustin Johnson (2017),87.5
Graeme McDowell (2017),87.5
Tyrone Van Aswegen (2017),87.49
Chris Stroud (2017),87.44
Ryan Brehm (2017),87.42
Fabián Gómez (2017),87.37
Daniel Berger (2017),87.36
Cody Gribble (2017),87.35
Ben Martin (2017),87.34
Tom Hoge (2017),87.33
Mark Hubbard (2017),87.3
Ollie Schniederjans (2017),87.29
Jordan Spieth (2017),87.27
Sam Saunders (2017),87.23
Paul Casey (2017),87.21
Steven Alker (2017),87.18
Charley Hoffman (2017),87.15
Robert Streb (2017),87.13
Vaughn Taylor (2017),87.12
Jon Rahm (2017),87.1
Justin Thomas (2017),87.07
Mark Anderson (2017),87.04
Jamie Lovemark (2017),87.01
Chad Campbell (2017),86.96
Patrick Rodgers (2017),86.92
Kelly Kraft (2017),86.92
Kyle Reifers (2017),86.91
Jim Furyk (2017),86.91
Sebastián Muñoz (2017),86.89
Kyle Stanley (2017),86.88
Jason Day (2017),86.88
Roberto Castro (2017),86.85
Keegan Bradley (2017),86.84
Smylie Kaufman (2017),86.78
Jonathan Randolph (2017),86.78
Camilo Villegas (2017),86.77
Tag Ridings (2017),86.77
Troy Merritt (2017),86.73
Nick Watney (2017),86.71
Alex Cejka (2017),86.71
Grayson Murray (2017),86.67
Pat Perez (2017),86.66
Trey Mullinax (2017),86.65
Jimmy Walker (2017),86.62
Nick Taylor (2017),86.62
Kevin Chappell (2017),86.57
Chris Kirk (2017),86.57
Dominic Bozzelli (2017),86.54
Tony Finau (2017),86.54
Rick Lamb (2017),86.52
Andrew Loupe (2017),86.52
J.B. Holmes (2017),86.52
Ryan Armour (2017),86.52
Miguel Angel Carballo (2017),86.51
Hideki Matsuyama (2017),86.49
Jason Dufner (2017),86.46
Patton Kizzire (2017),86.41
Scott Stallings (2017),86.41
Retief Goosen (2017),86.41
Ben Crane (2017),86.3
Bud Cauley (2017),86.29
Morgan Hoffmann (2017),86.29
Kevin Streelman (2017),86.26
Nicholas Lindheim (2017),86.25
Cameron Percy (2017),86.23
Emiliano Grillo (2017),86.22
Jason Kokrak (2017),86.2
Francesco Molinari (2017),86.17
Branden Grace (2017),86.1
Russell Knox (2017),86.04
Brendan Steele (2017),86.03
Robert Garrigus (2017),86.03
Aaron Baddeley (2017),86.03
Rory McIlroy (2017),86.01
Bubba Watson (2017),85.99
Harold Varner III (2017),85.92
Brian Stuard (2017),85.87
Scott Piercy (2017),85.85
Byeong Hun An (2017),85.81
Jhonattan Vegas (2017),85.8
Anirban Lahiri (2017),85.79
Gary Woodland (2017),85.75
Luke List (2017),85.75
Sergio Garcia (2017),85.65
Kevin Na (2017),85.61
D.A. Points (2017),85.6
Brad Fritsch (2017),85.59
Brett Stegmaier (2017),85.53
Brett Drewitt (2017),85.44
Bryson DeChambeau (2017),85.4
Rory Sabbatini (2017),85.39
Justin Rose (2017),85.38
Zac Blair (2017),85.37
Ken Duke (2017),85.33
Steven Bowditch (2017),85.15
Matt Every (2017),85.1
Ryan Palmer (2017),85.08
Rod Pampling (2017),85.07
Adam Scott (2017),85.03
Si Woo Kim (2017),84.94
Boo Weekley (2017),83.9
Kevin Kisner (2018),91.18
Johnson Wagner (2018),90.29
Jason Day (2018),89.89
Webb Simpson (2018),89.83
Alex Noren (2018),89.73
Hunter Mahan (2018),89.62
Louis Oosthuizen (2018),89.58
Austin Cook (2018),89.54
Brett Stegmaier (2018),89.49
Michael Thompson (2018),89.45
Paul Casey (2018),89.42
Denny McCarthy (2018),89.4
Bud Cauley (2018),89.32
Patrick Rodgers (2018),89.3
Beau Hossler (2018),89.29
Nate Lashley (2018),89.24
Trey Mullinax (2018),89.18
Justin Rose (2018),89.14
Graeme McDowell (2018),89.12
Daniel Berger (2018),89.1
Greg Chalmers (2018),89.09
Peter Malnati (2018),88.96
William McGirt (2018),88.93
Derek Fathauer (2018),88.92
Billy Horschel (2018),88.9
Bronson Burgoon (2018),88.81
Nicholas Lindheim (2018),88.78
Seamus Power (2018),88.73
Rickie Fowler (2018),88.72
Justin Thomas (2018),88.7
Nick Watney (2018),88.67
Tyrone Van Aswegen (2018),88.57
Alex Cejka (2018),88.52
Bubba Watson (2018),88.48
Brian Stuard (2018),88.44
Jim Furyk (2018),88.42
Fabián Gómez (2018),88.41
Brian Gay (2018),88.41
Chris Kirk (2018),88.4
Jonas Blixt (2018),88.4
Ian Poulter (2018),88.38
Matt Kuchar (2018),88.37
Ollie Schniederjans (2018),88.33
Zach Johnson (2018),88.33
Andrew Landry (2018),88.29
Chesson Hadley (2018),88.28
Tyrrell Hatton (2018),88.28
Emiliano Grillo (2018),88.25
Cody Gribble (2018),88.22
Patrick Reed (2018),88.19
Bryson DeChambeau (2018),88.18
Jonathan Byrd (2018),88.16
James Hahn (2018),88.15
C.T. Pan (2018),88.15
Ethan Tracy (2018),88.13
Brice Garnett (2018),88.12
Danny Lee (2018),88.11
Abraham Ancer (2018),88.09
Ben Crane (2018),88.09
Cameron Smith (2018),88.07
Shawn Stefani (2018),88.07
Wesley Bryan (2018),88.04
Kevin Tway (2018),88.04
Rory McIlroy (2018),88.02
Scott Brown (2018),87.99
Patton Kizzire (2018),87.97
Blayne Barber (2018),87.96
Tommy Fleetwood (2018),87.96
Kevin Na (2018),87.96
Marc Leishman (2018),87.95
Adam Schenk (2018),87.94
Kevin Streelman (2018),87.9
Kyle Stanley (2018),87.89
Dominic Bozzelli (2018),87.85
Xander Schauffele (2018),87.84
Andrew Putnam (2018),87.84
Richy Werenski (2018),87.83
Jonathan Randolph (2018),87.83
Daniel Summerhays (2018),87.83
Charley Hoffman (2018),87.79
Tony Finau (2018),87.75
Martin Laird (2018),87.75
Michael Kim (2018),87.74
Jason Kokrak (2018),87.73
Chris Stroud (2018),87.72
Steve Wheatcroft (2018),87.72
Ricky Barnes (2018),87.67
Talor Gooch (2018),87.65
Peter Uihlein (2018),87.65
Aaron Baddeley (2018),87.64
Aaron Wise (2018),87.63
David Lingmerth (2018),87.63
Gary Woodland (2018),87.62
Si Woo Kim (2018),87.59
Patrick Cantlay (2018),87.59
Brandt Snedeker (2018),87.58
Sam Saunders (2018),87.57
Henrik Stenson (2018),87.56
Charles Howell III (2018),87.54
D.A. Points (2018),87.51
Zac Blair (2018),87.46
Branden Grace (2018),87.45
Chez Reavie (2018),87.45
John Huh (2018),87.42
Jordan Spieth (2018),87.42
Brian Harman (2018),87.41
Martin Piller (2018),87.4
Kelly Kraft (2018),87.37
Russell Knox (2018),87.34
Jon Rahm (2018),87.33
Brandon Harkins (2018),87.32
Joel Dahmen (2018),87.32
Scott Stallings (2018),87.32
Rafa Cabrera Bello (2018),87.3
Sam Ryder (2018),87.29
Whee Kim (2018),87.28
Anirban Lahiri (2018),87.28
Dustin Johnson (2018),87.26
Jhonattan Vegas (2018),87.25
Robert Streb (2018),87.24
Bill Haas (2018),87.23
Keegan Bradley (2018),87.21
Nick Taylor (2018),87.19
David Hearn (2018),87.15
Tiger Woods (2018),87.11
Harold Varner III (2018),87.1
J.T. Poston (2018),87.09
Ryan Armour (2018),87.09
Adam Hadwin (2018),87.06
Stephan Jaeger (2018),87.04
Pat Perez (2018),87.03
"Ted Potter, Jr. (2018)",87.01
Hideki Matsuyama (2018),86.94
Roberto Díaz (2018),86.92
Russell Henley (2018),86.9
Lucas Glover (2018),86.9
Francesco Molinari (2018),86.89
Jamie Lovemark (2018),86.86
Scott Piercy (2018),86.84
Charl Schwartzel (2018),86.83
Ben Martin (2018),86.82
Troy Merritt (2018),86.79
Jimmy Walker (2018),86.78
Conrad Shindler (2018),86.76
Ryan Moore (2018),86.75
Hudson Swafford (2018),86.74
Kiradech Aphibarnrat (2018),86.74
Adam Scott (2018),86.74
Brooks Koepka (2018),86.66
Martin Flores (2018),86.66
Shane Lowry (2018),86.62
Ryan Blaum (2018),86.58
Billy Hurley III (2018),86.57
Kyle Thompson (2018),86.56
J.J. Spaun (2018),86.55
Harris English (2018),86.53
Luke List (2018),86.53
Sung Kang (2018),86.51
Stewart Cink (2018),86.48
Rory Sabbatini (2018),86.44
Ben Silverman (2018),86.42
Vaughn Taylor (2018),86.42
Cameron Percy (2018),86.42
Phil Mickelson (2018),86.38
Mackenzie Hughes (2018),86.37
J.J. Henry (2018),86.37
Cameron Tringale (2018),86.35
Sean O'Hair (2018),86.3
Lanto Griffin (2018),86.29
Robert Garrigus (2018),86.26
Matt Jones (2018),86.23
Tyler Duncan (2018),86.2
Tom Hoge (2018),86.19
Byeong Hun An (2018),86.18
Kevin Chappell (2018),86.11
Matt Every (2018),85.97
Matt Atkins (2018),85.96
Rob Oppenheim (2018),85.96
Retief Goosen (2018),85.92
Corey Conners (2018),85.83
Zecheng Dou (2018),85.82
J.B. Holmes (2018),85.82
Chad Campbell (2018),85.79
Ryan Palmer (2018),85.71
Xinjun Zhang (2018),85.62
Tom Lovelady (2018),85.51
Keith Mitchell (2018),85.44
Jason Dufner (2018),84.89
Satoshi Kodaira (2018),84.82
Brendan Steele (2018),84.54
Andrew Yun (2018),84.36
Grayson Murray (2018),84.27
Rod Pampling (2018),84.08
Wyndham Clark (2019),91.06
Harris English (2019),90.83
Brian Harman (2019),90.55
Dominic Bozzelli (2019),90.43
Denny McCarthy (2019),90.31
Brandt Snedeker (2019),90.23
Beau Hossler (2019),90.22
Jim Furyk (2019),90
Kevin Kisner (2019),89.98
Graeme McDowell (2019),89.8
Pat Perez (2019),89.68
Henrik Stenson (2019),89.52
Michael Thompson (2019),89.37
Wes Roach (2019),89.31
Kiradech Aphibarnrat (2019),89.29
Cameron Smith (2019),89.22
Troy Merritt (2019),89.1
Scott Brown (2019),89.1
Marc Leishman (2019),89.04
Jon Rahm (2019),89.01
Ryan Palmer (2019),88.97
Whee Kim (2019),88.95
C.T. Pan (2019),88.95
Nick Taylor (2019),88.94
Johnson Wagner (2019),88.88
Billy Horschel (2019),88.85
Carlos Ortiz (2019),88.84
Sebastián Muñoz (2019),88.82
Charles Howell III (2019),88.81
Scott Piercy (2019),88.8
Ian Poulter (2019),88.8
Brian Stuard (2019),88.78
Tommy Fleetwood (2019),88.78
Peter Malnati (2019),88.77
Sam Burns (2019),88.76
Rory McIlroy (2019),88.75
Bill Haas (2019),88.75
Sungjae Im (2019),88.74
Vaughn Taylor (2019),88.74
Chesson Hadley (2019),88.72
Brooks Koepka (2019),88.69
Nick Watney (2019),88.67
Chase Wright (2019),88.65
Patton Kizzire (2019),88.64
José de Jesús Rodríguez (2019),88.64
Sergio Garcia (2019),88.6
Aaron Baddeley (2019),88.59
Andrew Landry (2019),88.54
Rickie Fowler (2019),88.54
Daniel Berger (2019),88.48
Sam Saunders (2019),88.48
Webb Simpson (2019),88.48
Kyle Jones (2019),88.46
Adam Hadwin (2019),88.44
Jason Day (2019),88.44
Matt Kuchar (2019),88.41
Rory Sabbatini (2019),88.38
Ryan Blaum (2019),88.37
Brice Garnett (2019),88.36
Jimmy Walker (2019),88.36
Scott Langley (2019),88.35
Bud Cauley (2019),88.35
Robert Streb (2019),88.33
Seamus Power (2019),88.29
Lucas Glover (2019),88.27
J.T. Poston (2019),88.26
Bryson DeChambeau (2019),88.26
Martin Trainer (2019),88.22
Fabián Gómez (2019),88.22
J.J. Spaun (2019),88.21
Jim Herman (2019),88.21
Adam Schenk (2019),88.13
Matt Jones (2019),88.07
Cameron Tringale (2019),88.05
Brian Gay (2019),88.05
Ryan Armour (2019),88.03
Ernie Els (2019),88.01
Patrick Rodgers (2019),88
Jonas Blixt (2019),87.97
Louis Oosthuizen (2019),87.97
Patrick Reed (2019),87.96
Justin Rose (2019),87.96
Patrick Cantlay (2019),87.94
Hunter Mahan (2019),87.93
Xander Schauffele (2019),87.91
Sam Ryder (2019),87.91
Jordan Spieth (2019),87.91
Kyle Stanley (2019),87.88
Michael Kim (2019),87.83
Anirban Lahiri (2019),87.83
Julián Etulain (2019),87.83
Andrew Putnam (2019),87.82
Jason Kokrak (2019),87.81
Chez Reavie (2019),87.81
Joaquin Niemann (2019),87.78
Chris Stroud (2019),87.75
Mackenzie Hughes (2019),87.72
Danny Willett (2019),87.67
Freddie Jacobson (2019),87.67
Roberto Díaz (2019),87.65
Sangmoon Bae (2019),87.62
Abraham Ancer (2019),87.61
Anders Albertson (2019),87.6
Talor Gooch (2019),87.6
Si Woo Kim (2019),87.59
Kevin Tway (2019),87.59
Dylan Frittelli (2019),87.59
Harold Varner III (2019),87.57
Zach Johnson (2019),87.54
Richy Werenski (2019),87.52
Brady Schnell (2019),87.52
Nate Lashley (2019),87.48
Keith Mitchell (2019),87.47
Stephan Jaeger (2019),87.38
Peter Uihlein (2019),87.35
Roberto Castro (2019),87.34
Kevin Streelman (2019),87.33
Roger Sloan (2019),87.32
Ollie Schniederjans (2019),87.29
Bubba Watson (2019),87.25
Joel Dahmen (2019),87.24
Kyoung-Hoon Lee (2019),87.24
Josh Teater (2019),87.21
Kelly Kraft (2019),87.19
Trey Mullinax (2019),87.13
Paul Casey (2019),87.12
Martin Laird (2019),87.11
Kramer Hickok (2019),87.1
Matthew Fitzpatrick (2019),87.1
Adam Long (2019),87.09
Hideki Matsuyama (2019),87.08
Rafa Cabrera Bello (2019),87.08
Justin Thomas (2019),87.05
Jason Dufner (2019),86.99
Tyrrell Hatton (2019),86.98
David Hearn (2019),86.97
Ryan Moore (2019),86.97
Cameron Davis (2019),86.96
Russell Henley (2019),86.94
Alex Prugh (2019),86.92
Danny Lee (2019),86.92
Cameron Champ (2019),86.9
Byeong Hun An (2019),86.89
Phil Mickelson (2019),86.89
Cody Gribble (2019),86.86
Tom Hoge (2019),86.85
Joey Garber (2019),86.83
Brendan Steele (2019),86.82
Hudson Swafford (2019),86.8
Max Homa (2019),86.74
Austin Cook (2019),86.69
Sung Kang (2019),86.64
Jim Knous (2019),86.62
Bronson Burgoon (2019),86.6
Shawn Stefani (2019),86.56
Hank Lebioda (2019),86.54
J.J. Henry (2019),86.52
Adam Svensson (2019),86.46
Kevin Na (2019),86.45
Tony Finau (2019),86.42
Adam Scott (2019),86.38
Tyler Duncan (2019),86.37
Aaron Wise (2019),86.36
Jhonattan Vegas (2019),86.28
Russell Knox (2019),86.28
Scott Stallings (2019),86.26
Keegan Bradley (2019),86.25
Francesco Molinari (2019),86.24
Ben Silverman (2019),86.24
John Chin (2019),86.18
Curtis Luck (2019),86.18
Seth Reeves (2019),86.18
Sepp Straka (2019),86.1
Luke List (2019),86.05
Corey Conners (2019),86.05
Charley Hoffman (2019),85.97
Dustin Johnson (2019),85.93
Alex Noren (2019),85.85
Jonathan Byrd (2019),85.76
Emiliano Grillo (2019),85.73
Gary Woodland (2019),85.53
Alex Cejka (2019),85.49
"Ted Potter, Jr. (2019)",85.44
Rod Pampling (2019),85.39
J.B. Holmes (2019),85.22
Brandon Harkins (2019),85.2
Branden Grace (2019),85.12
Satoshi Kodaira (2019),84.93
