Player,Putt >20 % Made
Jordan Spieth (2019),12.19
Patrick Rodgers (2019),11.39
Beau Hossler (2019),11.35
Andrew Putnam (2019),11.15
Justin Rose (2019),10.84
Curtis Luck (2019),10.2
Cameron Tringale (2019),10.06
Denny McCarthy (2019),10.02
Chris Stroud (2019),9.87
Jon Rahm (2019),9.84
Peter Uihlein (2019),9.79
Rory McIlroy (2019),9.74
Webb Simpson (2019),9.64
Talor Gooch (2019),9.57
Rickie Fowler (2019),9.54
Pat Perez (2019),9.49
Kevin Na (2019),9.48
Chez Reavie (2019),9.38
Joel Dahmen (2019),9.35
Adam Scott (2019),9.24
Jason Kokrak (2019),9.21
Sebastián Muñoz (2019),9.16
Roger Sloan (2019),9.07
"Ted Potter, Jr. (2019)",9.06
Sepp Straka (2019),9.01
Abraham Ancer (2019),8.98
Shawn Stefani (2019),8.97
Billy Horschel (2019),8.92
Scott Piercy (2019),8.89
Brian Stuard (2019),8.89
Gary Woodland (2019),8.88
Charley Hoffman (2019),8.84
John Chin (2019),8.81
Danny Lee (2019),8.77
Lucas Glover (2019),8.63
Patton Kizzire (2019),8.62
Roberto Castro (2019),8.61
Rory Sabbatini (2019),8.53
Corey Conners (2019),8.53
J.T. Poston (2019),8.51
Bryson DeChambeau (2019),8.49
Phil Mickelson (2019),8.48
Kelly Kraft (2019),8.43
Bronson Burgoon (2019),8.39
Vaughn Taylor (2019),8.33
Chesson Hadley (2019),8.33
Sam Ryder (2019),8.33
Dustin Johnson (2019),8.3
Brice Garnett (2019),8.29
Hideki Matsuyama (2019),8.25
Johnson Wagner (2019),8.22
Sangmoon Bae (2019),8.17
Xander Schauffele (2019),8.15
Freddie Jacobson (2019),8.09
Matt Jones (2019),8.07
Jason Day (2019),8.05
Adam Hadwin (2019),8.03
Harold Varner III (2019),7.94
Richy Werenski (2019),7.93
Ryan Armour (2019),7.91
Cameron Davis (2019),7.89
Hank Lebioda (2019),7.82
Chase Wright (2019),7.78
Patrick Cantlay (2019),7.77
Cameron Smith (2019),7.75
Graeme McDowell (2019),7.74
Mackenzie Hughes (2019),7.73
Nate Lashley (2019),7.72
Austin Cook (2019),7.72
Michael Thompson (2019),7.69
Cody Gribble (2019),7.67
Brendan Steele (2019),7.65
Jim Knous (2019),7.59
Matthew Fitzpatrick (2019),7.59
Patrick Reed (2019),7.58
Charles Howell III (2019),7.57
David Hearn (2019),7.55
Dominic Bozzelli (2019),7.53
Nick Taylor (2019),7.5
Ben Silverman (2019),7.49
Scott Brown (2019),7.47
Bud Cauley (2019),7.46
Adam Schenk (2019),7.45
Kevin Streelman (2019),7.44
Byeong Hun An (2019),7.42
Roberto Díaz (2019),7.41
Aaron Baddeley (2019),7.39
Zach Johnson (2019),7.38
Kyoung-Hoon Lee (2019),7.34
Joey Garber (2019),7.34
Anders Albertson (2019),7.34
Branden Grace (2019),7.32
Peter Malnati (2019),7.31
Alex Noren (2019),7.3
Kevin Tway (2019),7.3
Brooks Koepka (2019),7.27
Kevin Kisner (2019),7.24
Tommy Fleetwood (2019),7.24
Luke List (2019),7.23
Brady Schnell (2019),7.2
Tony Finau (2019),7.11
Jhonattan Vegas (2019),7.1
Martin Laird (2019),7.1
Ian Poulter (2019),7.09
Nick Watney (2019),7.08
Cameron Champ (2019),7.07
Hunter Mahan (2019),7.05
Scott Langley (2019),6.99
Whee Kim (2019),6.98
Tyrrell Hatton (2019),6.9
Sam Burns (2019),6.9
Anirban Lahiri (2019),6.88
Sung Kang (2019),6.86
Bubba Watson (2019),6.8
Brandt Snedeker (2019),6.78
Daniel Berger (2019),6.78
Si Woo Kim (2019),6.77
Keith Mitchell (2019),6.76
C.T. Pan (2019),6.73
J.J. Spaun (2019),6.7
Ryan Moore (2019),6.69
Jonas Blixt (2019),6.68
Sungjae Im (2019),6.68
Paul Casey (2019),6.67
Ernie Els (2019),6.63
Seamus Power (2019),6.58
Joaquin Niemann (2019),6.56
Matt Kuchar (2019),6.54
Harris English (2019),6.5
Andrew Landry (2019),6.49
Kramer Hickok (2019),6.49
Alex Prugh (2019),6.48
Dylan Frittelli (2019),6.47
Brandon Harkins (2019),6.44
Max Homa (2019),6.44
Ryan Blaum (2019),6.39
Emiliano Grillo (2019),6.39
Adam Svensson (2019),6.38
Marc Leishman (2019),6.3
Sergio Garcia (2019),6.28
Jason Dufner (2019),6.25
Ollie Schniederjans (2019),6.21
Henrik Stenson (2019),6.17
J.J. Henry (2019),6.14
Rafa Cabrera Bello (2019),6.13
Kiradech Aphibarnrat (2019),6.08
Aaron Wise (2019),6.08
Robert Streb (2019),6.05
Russell Knox (2019),6.04
Brian Gay (2019),6.03
Tom Hoge (2019),6.02
Troy Merritt (2019),5.99
Carlos Ortiz (2019),5.99
J.B. Holmes (2019),5.93
Stephan Jaeger (2019),5.93
Trey Mullinax (2019),5.9
Louis Oosthuizen (2019),5.74
Michael Kim (2019),5.71
Fabián Gómez (2019),5.62
Justin Thomas (2019),5.5
Adam Long (2019),5.48
Sam Saunders (2019),5.44
Julián Etulain (2019),5.42
Josh Teater (2019),5.38
José de Jesús Rodríguez (2019),5.38
Bill Haas (2019),5.34
Brian Harman (2019),5.29
Scott Stallings (2019),5.26
Tyler Duncan (2019),5.26
Keegan Bradley (2019),5.2
Wes Roach (2019),5.19
Kyle Jones (2019),5.18
Russell Henley (2019),5.13
Alex Cejka (2019),5.08
Francesco Molinari (2019),4.89
Danny Willett (2019),4.85
Kyle Stanley (2019),4.8
Jim Herman (2019),4.74
Hudson Swafford (2019),4.67
Satoshi Kodaira (2019),4.64
Wyndham Clark (2019),4.59
Martin Trainer (2019),4.55
Rod Pampling (2019),4.48
Jimmy Walker (2019),4.32
Jim Furyk (2019),4.19
Seth Reeves (2019),4.13
Ryan Palmer (2019),4
Jonathan Byrd (2019),2.96
Jordan Spieth (2015),12.06
Jason Day (2015),11.55
Lee Westwood (2015),10.99
Matt Jones (2015),10.9
Sergio Garcia (2015),10.8
Camilo Villegas (2015),10.67
Luke Donald (2015),10.46
Steven Bowditch (2015),10.3
Pat Perez (2015),10.1
Luke Guthrie (2015),9.95
David Toms (2015),9.79
Ian Poulter (2015),9.64
James Hahn (2015),9.58
Sean O'Hair (2015),9.5
Brooks Koepka (2015),9.49
Billy Horschel (2015),9.41
Louis Oosthuizen (2015),9.4
Daniel Summerhays (2015),9.36
Patrick Reed (2015),9.32
Scott Piercy (2015),9.24
Cameron Tringale (2015),9.17
Stewart Cink (2015),9.15
Matt Kuchar (2015),9.14
Geoff Ogilvy (2015),9.13
Ernie Els (2015),9.13
Steve Wheatcroft (2015),9.13
Rory Sabbatini (2015),9.12
Andres Romero (2015),8.83
Zach Johnson (2015),8.82
Jonas Blixt (2015),8.82
Will Wilcox (2015),8.79
Cameron Percy (2015),8.77
Kevin Na (2015),8.75
Danny Lee (2015),8.75
Ben Martin (2015),8.74
Brandt Snedeker (2015),8.73
Jason Dufner (2015),8.65
Ryo Ishikawa (2015),8.61
Fabián Gómez (2015),8.57
Martin Flores (2015),8.53
Greg Chalmers (2015),8.53
Andrew Putnam (2015),8.52
Phil Mickelson (2015),8.46
Jamie Donaldson (2015),8.33
Brian Harman (2015),8.33
Nicholas Thompson (2015),8.33
Chris Stroud (2015),8.31
Hideki Matsuyama (2015),8.31
Russell Henley (2015),8.29
Tony Finau (2015),8.24
Henrik Stenson (2015),8.24
Zac Blair (2015),8.18
John Merrick (2015),8.15
Brian Stuard (2015),8.1
Andres Gonzales (2015),8.04
Jonathan Byrd (2015),7.95
Colt Knost (2015),7.92
Scott Pinckney (2015),7.92
Ricky Barnes (2015),7.9
Paul Casey (2015),7.89
Jimmy Walker (2015),7.84
Adam Scott (2015),7.84
Bo Van Pelt (2015),7.83
Whee Kim (2015),7.83
Andrew Svoboda (2015),7.78
Tim Wilkinson (2015),7.77
Michael Thompson (2015),7.74
Hudson Swafford (2015),7.72
Carlos Ortiz (2015),7.72
John Huh (2015),7.71
Kevin Chappell (2015),7.64
Gary Woodland (2015),7.64
Charles Howell III (2015),7.61
Jason Bohn (2015),7.6
Tom Hoge (2015),7.55
Adam Hadwin (2015),7.55
Derek Fathauer (2015),7.54
Boo Weekley (2015),7.5
Russell Knox (2015),7.49
Keegan Bradley (2015),7.49
Jerry Kelly (2015),7.48
Carl Pettersson (2015),7.45
Kevin Streelman (2015),7.45
Brendon Todd (2015),7.45
Troy Merritt (2015),7.42
David Lingmerth (2015),7.37
Johnson Wagner (2015),7.37
Bryce Molder (2015),7.37
Erik Compton (2015),7.32
Ángel Cabrera (2015),7.32
Bill Lunde (2015),7.31
Harris English (2015),7.3
Jhonattan Vegas (2015),7.28
Dustin Johnson (2015),7.25
Rickie Fowler (2015),7.24
Brian Davis (2015),7.22
Martin Laird (2015),7.21
Ben Crane (2015),7.17
Mark Wilson (2015),7.16
Sangmoon Bae (2015),7.14
Nick Watney (2015),7.11
Charley Hoffman (2015),7.11
Jason Gore (2015),7.06
Chad Campbell (2015),7.03
Brice Garnett (2015),7.01
Patrick Rodgers (2015),6.99
J.B. Holmes (2015),6.97
Scott Brown (2015),6.95
Seung-Yul Noh (2015),6.93
Ken Duke (2015),6.92
Aaron Baddeley (2015),6.91
Jason Kokrak (2015),6.83
Greg Owen (2015),6.82
Roberto Castro (2015),6.78
Sam Saunders (2015),6.78
Kevin Kisner (2015),6.77
Padraig Harrington (2015),6.76
Jon Curran (2015),6.75
Jonathan Randolph (2015),6.73
Chesson Hadley (2015),6.73
David Hearn (2015),6.71
Ryan Moore (2015),6.69
Chad Collins (2015),6.69
D.A. Points (2015),6.67
Heath Slocum (2015),6.67
Jim Herman (2015),6.63
Webb Simpson (2015),6.59
Nick Taylor (2015),6.59
Billy Hurley III (2015),6.57
Derek Ernst (2015),6.54
Roger Sloan (2015),6.49
Chez Reavie (2015),6.45
Kyle Reifers (2015),6.43
Robert Streb (2015),6.43
Morgan Hoffmann (2015),6.4
Spencer Levin (2015),6.4
K.J. Choi (2015),6.38
George McNeill (2015),6.36
Mark Hubbard (2015),6.35
Hunter Mahan (2015),6.33
Alex Cejka (2015),6.24
Brendan Steele (2015),6.24
Eric Axley (2015),6.17
Daniel Berger (2015),6.15
Gonzalo Fernandez-Castaño (2015),6.13
Justin Leonard (2015),6.12
Jim Furyk (2015),6.09
Justin Thomas (2015),6.09
John Peterson (2015),6.05
Justin Rose (2015),5.99
Bill Haas (2015),5.99
Chris Kirk (2015),5.97
Brendon de Jonge (2015),5.92
John Senden (2015),5.77
Vijay Singh (2015),5.75
Blayne Barber (2015),5.73
Steven Alker (2015),5.6
William McGirt (2015),5.5
Charl Schwartzel (2015),5.49
Shawn Stefani (2015),5.48
Max Homa (2015),5.46
Retief Goosen (2015),5.45
Jeff Overton (2015),5.42
Michael Putnam (2015),5.37
Matt Every (2015),5.36
Graham DeLaet (2015),5.35
Ryan Palmer (2015),5.35
J.J. Henry (2015),5.28
Robert Allenby (2015),5.14
Tyrone Van Aswegen (2015),5.08
Marc Leishman (2015),4.95
Scott Langley (2015),4.88
Lucas Glover (2015),4.82
Byron Smith (2015),4.82
Oscar Fraustro (2015),4.8
Francesco Molinari (2015),4.55
Scott Stallings (2015),4.42
Sung Joon Park (2015),4.17
Charlie Beljan (2015),4.08
Alex Prugh (2015),3.93
Bubba Watson (2015),3.9
Robert Garrigus (2015),3.85
Davis Love III (2015),3.57
Jim Renner (2015),2.62
Jordan Spieth (2016),12.19
Dicky Pride (2016),12.16
Jason Day (2016),11.91
Luke Guthrie (2016),10.34
Daniel Summerhays (2016),10.26
D.A. Points (2016),10.19
Zach Johnson (2016),9.88
Brooks Koepka (2016),9.85
Ernie Els (2016),9.6
Kevin Na (2016),9.47
Ben Martin (2016),9.45
Charles Howell III (2016),9.38
Ryan Moore (2016),9.29
Johnson Wagner (2016),9.24
Jason Dufner (2016),9.19
Andrew Loupe (2016),9.16
Camilo Villegas (2016),9.07
Shane Lowry (2016),8.85
Michael Kim (2016),8.81
Rod Pampling (2016),8.76
Russell Henley (2016),8.75
Colt Knost (2016),8.73
Brendon Todd (2016),8.73
Derek Fathauer (2016),8.7
Steve Stricker (2016),8.66
Kyle Reifers (2016),8.63
George McNeill (2016),8.59
Tim Wilkinson (2016),8.51
Harris English (2016),8.5
Freddie Jacobson (2016),8.41
Michael Thompson (2016),8.28
Tom Hoge (2016),8.28
Jhonattan Vegas (2016),8.27
J.B. Holmes (2016),8.2
Peter Malnati (2016),8.13
Jonas Blixt (2016),8.11
Kevin Kisner (2016),8.09
Matt Kuchar (2016),8.05
Francesco Molinari (2016),8.05
Boo Weekley (2016),8.03
Rory Sabbatini (2016),8.02
Billy Horschel (2016),7.99
Alex Cejka (2016),7.97
Morgan Hoffmann (2016),7.94
Mark Hubbard (2016),7.92
Robert Garrigus (2016),7.9
Retief Goosen (2016),7.89
Patton Kizzire (2016),7.89
Robert Allenby (2016),7.87
Smylie Kaufman (2016),7.82
Matt Jones (2016),7.78
Steven Bowditch (2016),7.77
Zac Blair (2016),7.76
Brett Stegmaier (2016),7.71
Chris Stroud (2016),7.67
Wes Roach (2016),7.66
Vijay Singh (2016),7.63
David Lingmerth (2016),7.62
Chez Reavie (2016),7.6
Adam Scott (2016),7.53
Fabián Gómez (2016),7.47
Patrick Reed (2016),7.45
Paul Casey (2016),7.43
Danny Lee (2016),7.33
Andres Gonzales (2016),7.32
Hiroshi Iwata (2016),7.31
Jimmy Walker (2016),7.29
Rory McIlroy (2016),7.29
David Hearn (2016),7.28
Scott Pinckney (2016),7.28
Aaron Baddeley (2016),7.19
Sam Saunders (2016),7.17
Luke List (2016),7.16
Ken Duke (2016),7.14
Kevin Streelman (2016),7.11
Nick Taylor (2016),7.07
Daniel Berger (2016),7.07
Ángel Cabrera (2016),7.02
Patrick Rodgers (2016),7.02
Charley Hoffman (2016),7.01
Tony Finau (2016),6.99
Jason Gore (2016),6.96
Ricky Barnes (2016),6.94
Jamie Lovemark (2016),6.93
Hideki Matsuyama (2016),6.93
K.J. Choi (2016),6.92
Stuart Appleby (2016),6.9
Jason Kokrak (2016),6.9
Bryce Molder (2016),6.87
Louis Oosthuizen (2016),6.87
William McGirt (2016),6.87
Phil Mickelson (2016),6.83
Abraham Ancer (2016),6.83
Brian Stuard (2016),6.82
Chad Campbell (2016),6.79
Jeff Overton (2016),6.78
Sean O'Hair (2016),6.77
Webb Simpson (2016),6.75
Robert Streb (2016),6.73
Blayne Barber (2016),6.71
John Senden (2016),6.69
Kyle Stanley (2016),6.67
Martin Piller (2016),6.64
Mark Wilson (2016),6.63
Charl Schwartzel (2016),6.6
Ryan Palmer (2016),6.56
Henrik Norlander (2016),6.54
Scott Langley (2016),6.52
Dawie van der Walt (2016),6.5
Spencer Levin (2016),6.47
Jim Furyk (2016),6.45
Rhein Gibson (2016),6.44
Bubba Watson (2016),6.41
Adam Hadwin (2016),6.41
Si Woo Kim (2016),6.39
Harold Varner III (2016),6.37
Branden Grace (2016),6.35
Luke Donald (2016),6.33
Scott Brown (2016),6.31
Padraig Harrington (2016),6.3
Marc Leishman (2016),6.28
Rob Oppenheim (2016),6.25
Thomas Aiken (2016),6.17
Cameron Smith (2016),6.16
Brian Harman (2016),6.12
Brandt Snedeker (2016),6.12
Jim Herman (2016),6.12
Bronson Burgoon (2016),6.08
Erik Compton (2016),6.05
Seung-Yul Noh (2016),6.05
Ben Crane (2016),6.04
Chesson Hadley (2016),6.03
Andrew Landry (2016),6.01
Sung Kang (2016),5.99
Hudson Swafford (2016),5.99
Will MacKenzie (2016),5.93
Scott Piercy (2016),5.91
Steve Wheatcroft (2016),5.91
Cameron Tringale (2016),5.91
Justin Thomas (2016),5.9
Will Wilcox (2016),5.9
Roberto Castro (2016),5.89
Chris Kirk (2016),5.87
Jerry Kelly (2016),5.84
Jon Curran (2016),5.8
Sergio Garcia (2016),5.79
Dustin Johnson (2016),5.79
Emiliano Grillo (2016),5.78
Gary Woodland (2016),5.77
Brendan Steele (2016),5.71
Lucas Glover (2016),5.69
Brendon de Jonge (2016),5.6
Steve Marino (2016),5.6
Billy Hurley III (2016),5.59
Greg Owen (2016),5.57
Justin Rose (2016),5.56
Rickie Fowler (2016),5.53
James Hahn (2016),5.51
Troy Merritt (2016),5.49
J.J. Henry (2016),5.29
Russell Knox (2016),5.29
D.H. Lee (2016),5.28
Chad Collins (2016),5.25
Carlos Ortiz (2016),5.25
David Toms (2016),5.19
Derek Ernst (2016),5.19
Kevin Chappell (2016),5.18
Jason Bohn (2016),5.15
John Huh (2016),5.1
Tyler Aldridge (2016),5.09
Martin Laird (2016),5.07
Tyrone Van Aswegen (2016),5.04
Geoff Ogilvy (2016),4.98
Anirban Lahiri (2016),4.92
Graham DeLaet (2016),4.89
Shawn Stefani (2016),4.86
Bill Haas (2016),4.8
Stewart Cink (2016),4.64
Graeme McDowell (2016),4.63
Hunter Mahan (2016),4.61
Vaughn Taylor (2016),4.37
Whee Kim (2016),4.27
Keegan Bradley (2016),4.11
Kelly Kraft (2016),3.98
Scott Stallings (2016),3.74
Zac Blair (2017),11.21
Brooks Koepka (2017),10.99
Kevin Na (2017),10.85
Brandt Snedeker (2017),10.82
Jordan Spieth (2017),10.82
Peter Malnati (2017),10.73
Sebastián Muñoz (2017),10
Cody Gribble (2017),9.79
Graeme McDowell (2017),9.76
Jason Day (2017),9.73
Michael Thompson (2017),9.72
Rickie Fowler (2017),9.65
Patrick Cantlay (2017),9.57
Xander Schauffele (2017),9.5
Justin Rose (2017),9.46
Blayne Barber (2017),9.41
Sam Saunders (2017),9.39
D.A. Points (2017),9.31
Steve Wheatcroft (2017),9.21
Stewart Cink (2017),9.15
Vaughn Taylor (2017),9.03
Steven Bowditch (2017),9.02
Camilo Villegas (2017),9.01
Jonas Blixt (2017),8.98
Bryce Molder (2017),8.92
Justin Thomas (2017),8.81
Wesley Bryan (2017),8.8
Rory Sabbatini (2017),8.71
David Lingmerth (2017),8.64
Brian Stuard (2017),8.55
Russell Henley (2017),8.51
Adam Scott (2017),8.4
Morgan Hoffmann (2017),8.38
Kevin Tway (2017),8.29
Matt Every (2017),8.28
Ricky Barnes (2017),8.25
Jimmy Walker (2017),8.24
Phil Mickelson (2017),8.24
Jim Furyk (2017),8.21
Tony Finau (2017),8.21
Brian Gay (2017),8.18
Whee Kim (2017),8.17
Patrick Rodgers (2017),8.11
Jon Rahm (2017),8.1
Kyle Reifers (2017),8.1
Billy Hurley III (2017),8.1
Nick Watney (2017),8.08
J.B. Holmes (2017),8.05
Kevin Kisner (2017),8.05
Mackenzie Hughes (2017),8.05
Daniel Berger (2017),7.97
Zach Johnson (2017),7.97
Dustin Johnson (2017),7.93
Patton Kizzire (2017),7.89
Billy Horschel (2017),7.89
Tom Hoge (2017),7.83
John Huh (2017),7.83
Chad Campbell (2017),7.81
Seamus Power (2017),7.73
Marc Leishman (2017),7.73
Rick Lamb (2017),7.73
Johnson Wagner (2017),7.71
Tim Wilkinson (2017),7.66
Ryan Armour (2017),7.64
Gonzalo Fernandez-Castaño (2017),7.59
Boo Weekley (2017),7.57
Brendan Steele (2017),7.52
Sung Kang (2017),7.49
Hideki Matsuyama (2017),7.49
Louis Oosthuizen (2017),7.49
Pat Perez (2017),7.47
Jason Dufner (2017),7.44
Anirban Lahiri (2017),7.43
Martin Laird (2017),7.42
Seung-Yul Noh (2017),7.42
Chez Reavie (2017),7.42
Fabián Gómez (2017),7.41
Nicholas Lindheim (2017),7.36
Spencer Levin (2017),7.29
Patrick Reed (2017),7.27
Andres Gonzales (2017),7.26
Matt Kuchar (2017),7.24
Jason Bohn (2017),7.24
Danny Lee (2017),7.19
Grayson Murray (2017),7.19
Brian Harman (2017),7.17
Webb Simpson (2017),7.16
Ryan Brehm (2017),7.12
Emiliano Grillo (2017),7.12
Tag Ridings (2017),7.07
Ernie Els (2017),7.04
Sean O'Hair (2017),7.03
Luke List (2017),7.02
Luke Donald (2017),7
Bubba Watson (2017),6.97
David Hearn (2017),6.97
Rory McIlroy (2017),6.93
Paul Casey (2017),6.85
Brett Drewitt (2017),6.84
Mark Hubbard (2017),6.81
Adam Hadwin (2017),6.79
Kevin Streelman (2017),6.78
Robert Garrigus (2017),6.77
Carl Pettersson (2017),6.73
Si Woo Kim (2017),6.73
K.J. Choi (2017),6.69
Miguel Angel Carballo (2017),6.67
Shawn Stefani (2017),6.67
Geoff Ogilvy (2017),6.65
Graham DeLaet (2017),6.6
Lucas Glover (2017),6.58
Harris English (2017),6.54
Francesco Molinari (2017),6.52
Scott Piercy (2017),6.51
Daniel Summerhays (2017),6.5
Greg Chalmers (2017),6.5
Keegan Bradley (2017),6.49
Kevin Chappell (2017),6.47
Shane Lowry (2017),6.41
Smylie Kaufman (2017),6.4
Matt Jones (2017),6.34
Chris Kirk (2017),6.33
Jason Kokrak (2017),6.33
Scott Brown (2017),6.33
J.J. Spaun (2017),6.32
Ben Martin (2017),6.31
Charles Howell III (2017),6.31
Jamie Lovemark (2017),6.29
Martin Flores (2017),6.28
Troy Merritt (2017),6.28
Byeong Hun An (2017),6.25
Trey Mullinax (2017),6.25
Ryan Blaum (2017),6.16
Tyrone Van Aswegen (2017),6.12
Alex Cejka (2017),6.11
Aaron Baddeley (2017),6.1
Roberto Castro (2017),6.1
Julián Etulain (2017),6.09
Kyle Stanley (2017),6.06
Bryson DeChambeau (2017),6.06
Brandon Hagy (2017),6.05
James Hahn (2017),6.02
Brett Stegmaier (2017),6.02
Kelly Kraft (2017),6.01
Russell Knox (2017),6
Jonathan Randolph (2017),5.96
Cameron Smith (2017),5.93
Branden Grace (2017),5.9
Robert Streb (2017),5.88
Dominic Bozzelli (2017),5.84
Richy Werenski (2017),5.79
Sergio Garcia (2017),5.77
Søren Kjeldsen (2017),5.75
Scott Stallings (2017),5.72
Harold Varner III (2017),5.7
Ian Poulter (2017),5.69
Steven Alker (2017),5.67
Rod Pampling (2017),5.66
Chris Stroud (2017),5.64
Brian Campbell (2017),5.63
Bill Haas (2017),5.61
Ben Crane (2017),5.59
Ken Duke (2017),5.59
Nick Taylor (2017),5.56
Derek Fathauer (2017),5.56
C.T. Pan (2017),5.54
Brad Fritsch (2017),5.53
Mark Anderson (2017),5.51
Charley Hoffman (2017),5.42
Michael Kim (2017),5.4
J.T. Poston (2017),5.38
Ryan Moore (2017),5.04
Rafa Cabrera Bello (2017),4.98
Jim Herman (2017),4.97
Cameron Tringale (2017),4.96
Jhonattan Vegas (2017),4.86
Gary Woodland (2017),4.76
Ryo Ishikawa (2017),4.61
Hudson Swafford (2017),4.59
William McGirt (2017),4.54
J.J. Henry (2017),4.43
Ryan Palmer (2017),4.43
Cameron Percy (2017),4.42
Charl Schwartzel (2017),4.4
Andrew Loupe (2017),4.35
Ollie Schniederjans (2017),4.33
Bud Cauley (2017),4.26
Chad Collins (2017),4.2
Hunter Mahan (2017),3.76
Retief Goosen (2017),3.23
Emiliano Grillo (2018),11.24
Whee Kim (2018),11.14
Dustin Johnson (2018),11.11
Kevin Na (2018),10.54
Brian Harman (2018),10.44
Martin Laird (2018),10.44
Beau Hossler (2018),10.28
Tom Hoge (2018),10.28
Alex Noren (2018),9.88
Brandt Snedeker (2018),9.46
Ben Martin (2018),9.4
Tom Lovelady (2018),9.4
Jonathan Randolph (2018),9.37
Tony Finau (2018),9.27
Justin Thomas (2018),9.19
Wesley Bryan (2018),9.09
Brian Gay (2018),9.01
Brooks Koepka (2018),8.97
Greg Chalmers (2018),8.94
Tommy Fleetwood (2018),8.9
J.T. Poston (2018),8.88
Peter Uihlein (2018),8.84
Billy Hurley III (2018),8.81
Kevin Kisner (2018),8.79
Cody Gribble (2018),8.78
Matt Jones (2018),8.77
Justin Rose (2018),8.74
Ryan Blaum (2018),8.72
Rafa Cabrera Bello (2018),8.71
Michael Thompson (2018),8.7
Harris English (2018),8.63
Ricky Barnes (2018),8.61
Roberto Díaz (2018),8.61
David Hearn (2018),8.58
Troy Merritt (2018),8.58
Harold Varner III (2018),8.54
Zecheng Dou (2018),8.53
Grayson Murray (2018),8.45
Nicholas Lindheim (2018),8.44
Michael Kim (2018),8.44
Joel Dahmen (2018),8.43
Zach Johnson (2018),8.35
Brandon Harkins (2018),8.33
Ben Silverman (2018),8.28
Robert Streb (2018),8.22
Ryan Armour (2018),8.21
Russell Henley (2018),8.2
Stewart Cink (2018),8.14
Pat Perez (2018),8.05
Sam Ryder (2018),8.05
Chez Reavie (2018),8.03
Zac Blair (2018),8.02
Phil Mickelson (2018),8.01
Chris Kirk (2018),7.99
Brett Stegmaier (2018),7.98
Bill Haas (2018),7.96
Conrad Shindler (2018),7.92
Rory McIlroy (2018),7.91
Rob Oppenheim (2018),7.87
Lanto Griffin (2018),7.8
Gary Woodland (2018),7.77
Blayne Barber (2018),7.77
Derek Fathauer (2018),7.73
William McGirt (2018),7.71
David Lingmerth (2018),7.71
Xander Schauffele (2018),7.64
Rory Sabbatini (2018),7.61
Alex Cejka (2018),7.6
Chad Campbell (2018),7.59
Ollie Schniederjans (2018),7.59
"Ted Potter, Jr. (2018)",7.58
Patrick Reed (2018),7.58
Andrew Yun (2018),7.58
James Hahn (2018),7.57
Dominic Bozzelli (2018),7.55
Francesco Molinari (2018),7.52
Kyle Stanley (2018),7.48
Jim Furyk (2018),7.47
Johnson Wagner (2018),7.47
Aaron Wise (2018),7.47
Kevin Tway (2018),7.44
Hideki Matsuyama (2018),7.44
Tiger Woods (2018),7.41
Webb Simpson (2018),7.37
Russell Knox (2018),7.35
Jimmy Walker (2018),7.32
Scott Stallings (2018),7.32
Henrik Stenson (2018),7.28
Sean O'Hair (2018),7.26
Matt Atkins (2018),7.26
Seamus Power (2018),7.23
Graeme McDowell (2018),7.22
Daniel Summerhays (2018),7.22
Jason Dufner (2018),7.21
Chris Stroud (2018),7.19
Si Woo Kim (2018),7.19
Martin Piller (2018),7.18
Talor Gooch (2018),7.18
Trey Mullinax (2018),7.18
Jason Day (2018),7.17
Jamie Lovemark (2018),7.17
Andrew Landry (2018),7.11
Steve Wheatcroft (2018),7.09
Jason Kokrak (2018),7.09
Matt Kuchar (2018),7.05
Jordan Spieth (2018),7.01
J.B. Holmes (2018),6.97
Austin Cook (2018),6.95
Adam Schenk (2018),6.95
Cameron Tringale (2018),6.93
Charley Hoffman (2018),6.91
Andrew Putnam (2018),6.9
Anirban Lahiri (2018),6.89
Kiradech Aphibarnrat (2018),6.88
Xinjun Zhang (2018),6.86
Ethan Tracy (2018),6.86
Hunter Mahan (2018),6.85
Lucas Glover (2018),6.85
Branden Grace (2018),6.85
Abraham Ancer (2018),6.8
Shane Lowry (2018),6.79
Kevin Chappell (2018),6.78
Danny Lee (2018),6.76
Patton Kizzire (2018),6.76
Richy Werenski (2018),6.74
Denny McCarthy (2018),6.73
John Huh (2018),6.72
Patrick Rodgers (2018),6.72
Martin Flores (2018),6.7
Nick Watney (2018),6.68
Corey Conners (2018),6.65
Nick Taylor (2018),6.64
Brian Stuard (2018),6.62
Charl Schwartzel (2018),6.58
Mackenzie Hughes (2018),6.55
Sam Saunders (2018),6.52
Cameron Smith (2018),6.51
D.A. Points (2018),6.5
Vaughn Taylor (2018),6.47
Jonas Blixt (2018),6.47
Adam Hadwin (2018),6.44
Scott Brown (2018),6.39
Chesson Hadley (2018),6.38
Rickie Fowler (2018),6.35
Tyler Duncan (2018),6.34
Shawn Stefani (2018),6.33
Peter Malnati (2018),6.3
Rod Pampling (2018),6.28
Kelly Kraft (2018),6.28
Luke List (2018),6.21
Adam Scott (2018),6.17
Daniel Berger (2018),6.15
Bryson DeChambeau (2018),6.05
Ben Crane (2018),6.04
Jhonattan Vegas (2018),6.04
Billy Horschel (2018),6.04
Hudson Swafford (2018),6.01
Jon Rahm (2018),5.97
Ian Poulter (2018),5.96
Stephan Jaeger (2018),5.96
Bronson Burgoon (2018),5.95
Keegan Bradley (2018),5.92
Byeong Hun An (2018),5.9
Keith Mitchell (2018),5.88
Ryan Palmer (2018),5.83
Matt Every (2018),5.81
Brice Garnett (2018),5.79
Bud Cauley (2018),5.78
Nate Lashley (2018),5.75
Fabián Gómez (2018),5.73
Aaron Baddeley (2018),5.67
Brendan Steele (2018),5.61
Tyrrell Hatton (2018),5.59
Charles Howell III (2018),5.5
Kevin Streelman (2018),5.43
Sung Kang (2018),5.41
J.J. Spaun (2018),5.37
Ryan Moore (2018),5.29
Patrick Cantlay (2018),5.2
C.T. Pan (2018),5.04
Robert Garrigus (2018),4.97
J.J. Henry (2018),4.95
Bubba Watson (2018),4.9
Tyrone Van Aswegen (2018),4.75
Cameron Percy (2018),4.64
Marc Leishman (2018),4.51
Satoshi Kodaira (2018),4.5
Scott Piercy (2018),4.29
Paul Casey (2018),4.21
Retief Goosen (2018),4.11
Kyle Thompson (2018),3.98
Louis Oosthuizen (2018),3.31
Jonathan Byrd (2018),2.88
