Player,Putt 10-15 % Made
Jordan Spieth (2019),40.49
Graeme McDowell (2019),40
Sam Ryder (2019),38.92
Curtis Luck (2019),38.89
Chase Wright (2019),37.79
Patton Kizzire (2019),37.23
Jason Day (2019),37.21
Harris English (2019),37.11
Aaron Baddeley (2019),36.94
Ian Poulter (2019),36.51
Francesco Molinari (2019),36.44
José de Jesús Rodríguez (2019),36.43
Peter Malnati (2019),36.36
Patrick Cantlay (2019),36.23
Richy Werenski (2019),36.08
Kevin Kisner (2019),35.82
Johnson Wagner (2019),35.82
Ryan Blaum (2019),35.75
Sam Burns (2019),35.64
Wyndham Clark (2019),35.59
Rickie Fowler (2019),35.57
Marc Leishman (2019),35.48
Andrew Putnam (2019),35.44
Fabián Gómez (2019),35.42
Adam Scott (2019),35.34
Brian Gay (2019),35.14
Sungjae Im (2019),35.09
Pat Perez (2019),34.95
Brooks Koepka (2019),34.52
Julián Etulain (2019),34.51
Webb Simpson (2019),34.48
Justin Thomas (2019),34.32
Rory Sabbatini (2019),34.13
Ollie Schniederjans (2019),34.07
Roberto Díaz (2019),34
Ryan Armour (2019),33.95
Louis Oosthuizen (2019),33.8
Russell Knox (2019),33.75
Matt Jones (2019),33.54
Dominic Bozzelli (2019),33.33
Roger Sloan (2019),33.33
Adam Hadwin (2019),33.33
Alex Cejka (2019),33.33
Patrick Reed (2019),33.16
Scott Stallings (2019),33.16
Ben Silverman (2019),33.13
Dustin Johnson (2019),33.11
Sangmoon Bae (2019),33.04
Bryson DeChambeau (2019),33.01
Sung Kang (2019),32.98
Cameron Champ (2019),32.94
Si Woo Kim (2019),32.88
Charles Howell III (2019),32.81
Danny Willett (2019),32.8
Mackenzie Hughes (2019),32.7
Hudson Swafford (2019),32.65
Jonathan Byrd (2019),32.61
Adam Schenk (2019),32.59
Vaughn Taylor (2019),32.53
Scott Langley (2019),32.53
Troy Merritt (2019),32.5
Rafa Cabrera Bello (2019),32.48
Kiradech Aphibarnrat (2019),32.28
Cameron Tringale (2019),32.26
Brandt Snedeker (2019),32.24
Josh Teater (2019),32.17
Freddie Jacobson (2019),32.14
Luke List (2019),32.14
Rory McIlroy (2019),32.1
Sepp Straka (2019),32.1
Satoshi Kodaira (2019),31.94
Patrick Rodgers (2019),31.9
Bill Haas (2019),31.85
Brandon Harkins (2019),31.82
Peter Uihlein (2019),31.79
Nate Lashley (2019),31.79
Xander Schauffele (2019),31.69
Nick Watney (2019),31.69
Justin Rose (2019),31.69
Wes Roach (2019),31.65
Zach Johnson (2019),31.61
Gary Woodland (2019),31.36
Nick Taylor (2019),31.36
Carlos Ortiz (2019),31.28
Tony Finau (2019),31.25
Ernie Els (2019),31.25
Abraham Ancer (2019),31.18
Hank Lebioda (2019),30.94
Max Homa (2019),30.93
Jason Kokrak (2019),30.92
"Ted Potter, Jr. (2019)",30.86
Billy Horschel (2019),30.81
Martin Laird (2019),30.68
Chesson Hadley (2019),30.65
Chez Reavie (2019),30.58
Brady Schnell (2019),30.43
Dylan Frittelli (2019),30.41
Talor Gooch (2019),30.36
Jonas Blixt (2019),30.36
Brian Stuard (2019),30.3
Ryan Palmer (2019),30.28
Lucas Glover (2019),30.13
J.T. Poston (2019),29.96
Keegan Bradley (2019),29.78
Denny McCarthy (2019),29.63
Shawn Stefani (2019),29.61
J.J. Spaun (2019),29.59
Sam Saunders (2019),29.44
Matthew Fitzpatrick (2019),29.41
Seamus Power (2019),29.38
Trey Mullinax (2019),29.35
Martin Trainer (2019),29.17
Tommy Fleetwood (2019),29.17
Hideki Matsuyama (2019),29.15
Scott Piercy (2019),29.06
Branden Grace (2019),29.06
Russell Henley (2019),29.05
Beau Hossler (2019),29.03
Joey Garber (2019),28.95
Alex Prugh (2019),28.93
Matt Kuchar (2019),28.88
Danny Lee (2019),28.83
Phil Mickelson (2019),28.78
Corey Conners (2019),28.72
Roberto Castro (2019),28.57
Jim Knous (2019),28.57
Harold Varner III (2019),28.44
Austin Cook (2019),28.39
John Chin (2019),28.28
Andrew Landry (2019),28.23
Kevin Na (2019),28.21
Kelly Kraft (2019),28.18
Bronson Burgoon (2019),28.17
Keith Mitchell (2019),28.16
Kyoung-Hoon Lee (2019),28.14
Hunter Mahan (2019),28.1
Michael Thompson (2019),27.92
Henrik Stenson (2019),27.91
Cody Gribble (2019),27.89
Ryan Moore (2019),27.88
Alex Noren (2019),27.88
Joaquin Niemann (2019),27.75
Sergio Garcia (2019),27.66
Aaron Wise (2019),27.59
Charley Hoffman (2019),27.48
Bud Cauley (2019),27.42
Tom Hoge (2019),27.4
Jason Dufner (2019),27.39
David Hearn (2019),27.37
Paul Casey (2019),27.33
Kevin Streelman (2019),27.32
Brendan Steele (2019),27.27
Scott Brown (2019),27.22
Anirban Lahiri (2019),27.16
Seth Reeves (2019),26.98
Kyle Stanley (2019),26.9
Brice Garnett (2019),26.88
C.T. Pan (2019),26.88
Anders Albertson (2019),26.62
Jhonattan Vegas (2019),26.55
Bubba Watson (2019),26.47
Kyle Jones (2019),26.32
Jim Herman (2019),26.21
Brian Harman (2019),26.11
Chris Stroud (2019),26.09
Jimmy Walker (2019),26.03
Adam Long (2019),25.99
Michael Kim (2019),25.95
Kevin Tway (2019),25.73
Tyrrell Hatton (2019),25
Adam Svensson (2019),25
Robert Streb (2019),24.84
Cameron Smith (2019),24.84
Tyler Duncan (2019),24.73
Kramer Hickok (2019),24.7
Jim Furyk (2019),24.66
Daniel Berger (2019),24.52
Stephan Jaeger (2019),24.37
Jon Rahm (2019),24.36
Whee Kim (2019),24.06
Cameron Davis (2019),23.9
Joel Dahmen (2019),23.61
Sebastián Muñoz (2019),22.81
Byeong Hun An (2019),21.95
Emiliano Grillo (2019),20.39
Rod Pampling (2019),20.18
J.B. Holmes (2019),19.85
J.J. Henry (2019),18.69
Aaron Baddeley (2015),44.81
Ian Poulter (2015),38.69
Danny Lee (2015),38.33
Ben Crane (2015),37.89
Jimmy Walker (2015),37.78
Lee Westwood (2015),37.5
Patrick Reed (2015),37.17
Russell Henley (2015),36.57
Brendon Todd (2015),36.27
Jerry Kelly (2015),36.19
Chris Kirk (2015),35.9
Brandt Snedeker (2015),35.71
William McGirt (2015),35.69
Sangmoon Bae (2015),35.6
Retief Goosen (2015),35.58
Phil Mickelson (2015),35.46
Brian Davis (2015),35.45
Marc Leishman (2015),35.19
Jhonattan Vegas (2015),35.08
Kevin Chappell (2015),35.03
George McNeill (2015),34.92
Daniel Summerhays (2015),34.91
Robert Streb (2015),34.88
David Hearn (2015),34.83
Jason Bohn (2015),34.6
Andrew Putnam (2015),34.55
Camilo Villegas (2015),34.54
Matt Every (2015),34.43
Blayne Barber (2015),34.38
Charley Hoffman (2015),34.32
Morgan Hoffmann (2015),34.22
Scott Pinckney (2015),33.91
Jonathan Randolph (2015),33.8
Troy Merritt (2015),33.79
Matt Jones (2015),33.7
Scott Langley (2015),33.64
Henrik Stenson (2015),33.63
Seung-Yul Noh (2015),33.53
Paul Casey (2015),33.5
Greg Chalmers (2015),33.33
Zac Blair (2015),33.33
John Huh (2015),33.2
Brice Garnett (2015),33.14
Bubba Watson (2015),33.11
Pat Perez (2015),33.05
Sean O'Hair (2015),33
Carl Pettersson (2015),32.99
Luke Guthrie (2015),32.96
Nick Taylor (2015),32.91
Brian Stuard (2015),32.91
Jonathan Byrd (2015),32.82
Max Homa (2015),32.72
Bryce Molder (2015),32.7
Jeff Overton (2015),32.67
Erik Compton (2015),32.26
Sergio Garcia (2015),32.22
Adam Scott (2015),32.14
Gary Woodland (2015),32.14
Hudson Swafford (2015),32.13
Scott Stallings (2015),32
Keegan Bradley (2015),31.93
Johnson Wagner (2015),31.82
Jason Gore (2015),31.68
Rickie Fowler (2015),31.61
Ryo Ishikawa (2015),31.56
Chesson Hadley (2015),31.48
Whee Kim (2015),31.46
Brendan Steele (2015),31.43
Michael Thompson (2015),31.41
Brian Harman (2015),31.31
John Senden (2015),31.3
Matt Kuchar (2015),31.2
J.B. Holmes (2015),31.15
Tony Finau (2015),31.09
Colt Knost (2015),31.03
Justin Rose (2015),31.03
Brooks Koepka (2015),31.03
Stewart Cink (2015),31.02
Chris Stroud (2015),31.02
Alex Prugh (2015),30.85
Chez Reavie (2015),30.77
Martin Flores (2015),30.59
Jordan Spieth (2015),30.59
Andrew Svoboda (2015),30.57
K.J. Choi (2015),30.36
Shawn Stefani (2015),30.36
Jamie Donaldson (2015),30.34
Fabián Gómez (2015),30.33
Jason Day (2015),30.26
Hunter Mahan (2015),30.23
Harris English (2015),30
Ryan Moore (2015),29.95
Spencer Levin (2015),29.95
Eric Axley (2015),29.91
Cameron Tringale (2015),29.82
Ryan Palmer (2015),29.79
Carlos Ortiz (2015),29.78
Jonas Blixt (2015),29.77
Francesco Molinari (2015),29.73
Andres Gonzales (2015),29.68
Charlie Beljan (2015),29.63
Adam Hadwin (2015),29.44
David Lingmerth (2015),29.28
Boo Weekley (2015),29.23
Dustin Johnson (2015),29.14
Scott Piercy (2015),29.13
Billy Hurley III (2015),29.07
Justin Leonard (2015),29.03
Patrick Rodgers (2015),29.03
Padraig Harrington (2015),29.01
Hideki Matsuyama (2015),29
Nick Watney (2015),28.93
Ben Martin (2015),28.88
Oscar Fraustro (2015),28.81
Ken Duke (2015),28.81
Byron Smith (2015),28.8
Graham DeLaet (2015),28.77
Daniel Berger (2015),28.69
Robert Allenby (2015),28.67
Kyle Reifers (2015),28.57
Sung Joon Park (2015),28.48
Mark Wilson (2015),28.44
Chad Collins (2015),28.39
Jim Furyk (2015),28.33
Zach Johnson (2015),28.16
Davis Love III (2015),28.13
Chad Campbell (2015),28.1
Charles Howell III (2015),28.07
Russell Knox (2015),28.05
Heath Slocum (2015),28.04
Bo Van Pelt (2015),27.91
Billy Horschel (2015),27.88
Steve Wheatcroft (2015),27.87
Alex Cejka (2015),27.78
Will Wilcox (2015),27.78
James Hahn (2015),27.68
Brendon de Jonge (2015),27.5
Mark Hubbard (2015),27.45
Steven Alker (2015),27.4
Louis Oosthuizen (2015),27.27
John Peterson (2015),27.15
Andres Romero (2015),27.03
John Merrick (2015),26.95
Justin Thomas (2015),26.94
Webb Simpson (2015),26.88
Martin Laird (2015),26.87
Michael Putnam (2015),26.84
Steven Bowditch (2015),26.79
D.A. Points (2015),26.75
Sam Saunders (2015),26.74
Kevin Kisner (2015),26.56
Vijay Singh (2015),26.37
Jon Curran (2015),26.29
Tom Hoge (2015),26.19
Bill Haas (2015),26.18
Bill Lunde (2015),25.89
Tim Wilkinson (2015),25.79
Geoff Ogilvy (2015),25.77
Luke Donald (2015),25.64
Kevin Na (2015),25.56
Derek Fathauer (2015),25.41
Rory Sabbatini (2015),25.37
Ricky Barnes (2015),25.28
Kevin Streelman (2015),25
J.J. Henry (2015),24.75
Jim Renner (2015),24.58
Nicholas Thompson (2015),24.51
Jason Dufner (2015),24.5
Charl Schwartzel (2015),24.07
Scott Brown (2015),23.96
Jason Kokrak (2015),23.74
Derek Ernst (2015),23.7
Roger Sloan (2015),23.36
David Toms (2015),23.29
Robert Garrigus (2015),23.03
Jim Herman (2015),22.88
Greg Owen (2015),22.81
Tyrone Van Aswegen (2015),22.56
Gonzalo Fernandez-Castaño (2015),22.35
Roberto Castro (2015),21.55
Ángel Cabrera (2015),21.54
Lucas Glover (2015),21.53
Cameron Percy (2015),20
Ernie Els (2015),19.3
Jason Day (2016),41.18
K.J. Choi (2016),39.88
Steve Stricker (2016),39.22
Shane Lowry (2016),38.24
Charl Schwartzel (2016),37.5
Steve Marino (2016),37.18
Kevin Na (2016),36.63
Tim Wilkinson (2016),35.65
Jonas Blixt (2016),35.47
Smylie Kaufman (2016),35.35
Brian Harman (2016),35.32
Brandt Snedeker (2016),35.2
Freddie Jacobson (2016),34.95
Jordan Spieth (2016),34.87
Scott Brown (2016),34.78
Hunter Mahan (2016),34.75
Andrew Loupe (2016),34.59
Steven Bowditch (2016),34.38
Ryan Palmer (2016),34.38
William McGirt (2016),33.91
Retief Goosen (2016),33.88
D.H. Lee (2016),33.86
Vaughn Taylor (2016),33.75
Brendon de Jonge (2016),33.68
Jon Curran (2016),33.66
Hideki Matsuyama (2016),33.53
Bryce Molder (2016),33.53
Harris English (2016),33.52
Aaron Baddeley (2016),33.52
Jamie Lovemark (2016),33.5
Kevin Kisner (2016),33.33
John Senden (2016),33.05
Kyle Stanley (2016),33.04
Andrew Landry (2016),32.99
Andres Gonzales (2016),32.98
Phil Mickelson (2016),32.93
Derek Fathauer (2016),32.85
Matt Kuchar (2016),32.65
Brooks Koepka (2016),32.6
Sam Saunders (2016),32.5
Boo Weekley (2016),32.49
Luke List (2016),32.37
Paul Casey (2016),32.3
Martin Piller (2016),32.12
Louis Oosthuizen (2016),32.04
Dustin Johnson (2016),31.96
David Hearn (2016),31.93
Rob Oppenheim (2016),31.91
Webb Simpson (2016),31.88
Sean O'Hair (2016),31.63
Charley Hoffman (2016),31.53
Brendon Todd (2016),31.51
Ricky Barnes (2016),31.51
Branden Grace (2016),31.43
Morgan Hoffmann (2016),31.37
Kyle Reifers (2016),31.37
Si Woo Kim (2016),31.28
Tyler Aldridge (2016),31.16
Zac Blair (2016),31.02
Emiliano Grillo (2016),31.02
Luke Guthrie (2016),30.97
Camilo Villegas (2016),30.95
Michael Kim (2016),30.87
Patton Kizzire (2016),30.77
Patrick Reed (2016),30.64
Stuart Appleby (2016),30.64
Billy Horschel (2016),30.52
Mark Hubbard (2016),30.49
Marc Leishman (2016),30.49
Chris Stroud (2016),30.43
Billy Hurley III (2016),30.38
Ángel Cabrera (2016),30.37
Zach Johnson (2016),30.32
Kelly Kraft (2016),30.3
Russell Knox (2016),30.26
Sung Kang (2016),30.25
Vijay Singh (2016),30.22
Hudson Swafford (2016),30.15
Michael Thompson (2016),30.12
Brian Stuard (2016),30.06
Seung-Yul Noh (2016),30.06
Greg Owen (2016),29.86
Thomas Aiken (2016),29.79
George McNeill (2016),29.75
Cameron Tringale (2016),29.74
Adam Hadwin (2016),29.66
Johnson Wagner (2016),29.63
Rory McIlroy (2016),29.53
Rickie Fowler (2016),29.52
Ben Crane (2016),29.51
Jhonattan Vegas (2016),29.49
Ryan Moore (2016),29.47
Tyrone Van Aswegen (2016),29.46
Whee Kim (2016),29.29
Martin Laird (2016),29.29
Jim Herman (2016),29.28
Dicky Pride (2016),29.2
Scott Stallings (2016),29.17
Peter Malnati (2016),28.96
David Lingmerth (2016),28.92
Bronson Burgoon (2016),28.89
Chad Collins (2016),28.87
Scott Pinckney (2016),28.84
Russell Henley (2016),28.79
Daniel Summerhays (2016),28.72
Blayne Barber (2016),28.7
Anirban Lahiri (2016),28.68
Jason Gore (2016),28.65
John Huh (2016),28.64
Robert Garrigus (2016),28.57
Jim Furyk (2016),28.57
Bubba Watson (2016),28.47
Adam Scott (2016),28.4
Luke Donald (2016),28.38
Graham DeLaet (2016),28.32
Gary Woodland (2016),28.3
Rod Pampling (2016),28.16
Shawn Stefani (2016),28.02
Fabián Gómez (2016),28
Tony Finau (2016),27.96
Lucas Glover (2016),27.89
Robert Streb (2016),27.88
Nick Taylor (2016),27.88
Tom Hoge (2016),27.87
Steve Wheatcroft (2016),27.81
Stewart Cink (2016),27.69
Hiroshi Iwata (2016),27.68
Will Wilcox (2016),27.45
Derek Ernst (2016),27.42
Jimmy Walker (2016),27.37
Graeme McDowell (2016),27.34
Ken Duke (2016),27.34
Henrik Norlander (2016),27.22
Roberto Castro (2016),26.97
Wes Roach (2016),26.92
Charles Howell III (2016),26.87
Chez Reavie (2016),26.84
Chesson Hadley (2016),26.83
Harold Varner III (2016),26.7
D.A. Points (2016),26.61
Jason Bohn (2016),26.49
Rory Sabbatini (2016),26.47
Brett Stegmaier (2016),26.46
Cameron Smith (2016),26.27
Jeff Overton (2016),26.21
Brendan Steele (2016),26.18
Jerry Kelly (2016),26.06
Matt Jones (2016),25.99
J.B. Holmes (2016),25.86
Alex Cejka (2016),25.85
James Hahn (2016),25.84
Troy Merritt (2016),25.79
Jason Dufner (2016),25.59
Scott Piercy (2016),25.58
Carlos Ortiz (2016),25.56
Chris Kirk (2016),25.49
Justin Rose (2016),25.35
Kevin Streelman (2016),25.26
Bill Haas (2016),25.16
Sergio Garcia (2016),25
Ben Martin (2016),25
Abraham Ancer (2016),25
Chad Campbell (2016),24.88
Colt Knost (2016),24.88
Keegan Bradley (2016),24.86
Mark Wilson (2016),24.85
Geoff Ogilvy (2016),24.8
Padraig Harrington (2016),24.79
Justin Thomas (2016),24.78
Ernie Els (2016),24.66
Dawie van der Walt (2016),24.59
J.J. Henry (2016),24.59
Robert Allenby (2016),24.19
Daniel Berger (2016),24.15
Scott Langley (2016),24.03
Rhein Gibson (2016),24.03
Danny Lee (2016),23.83
David Toms (2016),23.64
Patrick Rodgers (2016),23.53
Will MacKenzie (2016),23.24
Erik Compton (2016),23.24
Jason Kokrak (2016),23.12
Spencer Levin (2016),22.71
Kevin Chappell (2016),22.32
Francesco Molinari (2016),21.15
Michael Thompson (2017),42.73
Rickie Fowler (2017),41.36
Luke Donald (2017),39.17
Whee Kim (2017),38.64
Ernie Els (2017),37.76
Nicholas Lindheim (2017),36.92
Steve Wheatcroft (2017),36.84
Cody Gribble (2017),36.81
Michael Kim (2017),36.73
Stewart Cink (2017),36.57
Camilo Villegas (2017),36.53
Rafa Cabrera Bello (2017),36.36
Ben Crane (2017),36.36
Charl Schwartzel (2017),36.3
Adam Hadwin (2017),36.24
Sebastián Muñoz (2017),36.11
Brian Harman (2017),36
Gonzalo Fernandez-Castaño (2017),35.96
Justin Thomas (2017),35.83
Jon Rahm (2017),35.75
Martin Flores (2017),35.68
Francesco Molinari (2017),35.4
Matt Kuchar (2017),35.35
Brendan Steele (2017),35.29
Brandon Hagy (2017),35.24
Tom Hoge (2017),35.14
Ollie Schniederjans (2017),34.84
Nick Watney (2017),34.57
Adam Scott (2017),34.51
Graeme McDowell (2017),34.48
Kevin Kisner (2017),34.45
Bryson DeChambeau (2017),34.41
Patrick Reed (2017),34.4
Pat Perez (2017),34.36
Wesley Bryan (2017),34.25
Brian Stuard (2017),34.21
Jimmy Walker (2017),34.09
Jason Dufner (2017),34.03
Aaron Baddeley (2017),33.94
Sean O'Hair (2017),33.85
Marc Leishman (2017),33.84
Jim Furyk (2017),33.82
Matt Every (2017),33.73
Ryan Blaum (2017),33.73
Paul Casey (2017),33.67
Morgan Hoffmann (2017),33.65
Danny Lee (2017),33.63
Jason Day (2017),33.56
Troy Merritt (2017),33.51
Graham DeLaet (2017),33.51
Xander Schauffele (2017),33.49
Cameron Tringale (2017),33.33
Vaughn Taylor (2017),33.33
Justin Rose (2017),33.33
Russell Henley (2017),33.04
Søren Kjeldsen (2017),32.99
Geoff Ogilvy (2017),32.76
Zac Blair (2017),32.69
Shawn Stefani (2017),32.69
Brian Gay (2017),32.67
Chris Kirk (2017),32.66
Tag Ridings (2017),32.61
Brett Stegmaier (2017),32.56
Brooks Koepka (2017),32.51
Chad Collins (2017),32.48
Phil Mickelson (2017),32.46
Seung-Yul Noh (2017),32.3
Kevin Na (2017),32.26
David Lingmerth (2017),32.24
Hunter Mahan (2017),32.24
C.T. Pan (2017),32.2
Harris English (2017),32.18
Mackenzie Hughes (2017),32.1
Carl Pettersson (2017),32.1
Louis Oosthuizen (2017),32.03
Greg Chalmers (2017),31.98
Brian Campbell (2017),31.93
Dominic Bozzelli (2017),31.82
Luke List (2017),31.75
Shane Lowry (2017),31.67
Andres Gonzales (2017),31.65
Charley Hoffman (2017),31.6
Sergio Garcia (2017),31.58
Sung Kang (2017),31.49
Nick Taylor (2017),31.46
Kevin Streelman (2017),31.28
John Huh (2017),31.13
Gary Woodland (2017),31.12
Keegan Bradley (2017),31.02
Patton Kizzire (2017),30.93
Patrick Rodgers (2017),30.91
Scott Brown (2017),30.85
Emiliano Grillo (2017),30.84
Billy Horschel (2017),30.81
Andrew Loupe (2017),30.58
Grayson Murray (2017),30.57
Jamie Lovemark (2017),30.56
Ryan Moore (2017),30.43
Daniel Berger (2017),30.33
Robert Streb (2017),30.3
Harold Varner III (2017),30.13
Smylie Kaufman (2017),30.11
Fabián Gómez (2017),30.08
Julián Etulain (2017),30.07
Zach Johnson (2017),30
Ben Martin (2017),29.91
Bud Cauley (2017),29.88
Hudson Swafford (2017),29.86
William McGirt (2017),29.74
Charles Howell III (2017),29.71
Anirban Lahiri (2017),29.7
Kyle Stanley (2017),29.58
Ryan Brehm (2017),29.57
Martin Laird (2017),29.56
Johnson Wagner (2017),29.56
Blayne Barber (2017),29.55
Richy Werenski (2017),29.52
Bryce Molder (2017),29.48
Jonas Blixt (2017),29.27
Alex Cejka (2017),29.17
Cameron Percy (2017),29.08
Brett Drewitt (2017),29
Branden Grace (2017),28.95
J.B. Holmes (2017),28.88
Jhonattan Vegas (2017),28.87
Byeong Hun An (2017),28.83
Russell Knox (2017),28.83
Scott Piercy (2017),28.83
Brandt Snedeker (2017),28.47
Hideki Matsuyama (2017),28.4
Jim Herman (2017),28.4
Matt Jones (2017),28.37
J.J. Spaun (2017),28.36
Derek Fathauer (2017),28.34
Jordan Spieth (2017),28.33
Chez Reavie (2017),28.27
Ken Duke (2017),28.25
Steven Bowditch (2017),28.18
D.A. Points (2017),28.07
Bubba Watson (2017),28.05
Kelly Kraft (2017),28.02
Kevin Tway (2017),28.02
Webb Simpson (2017),27.98
Sam Saunders (2017),27.91
Mark Hubbard (2017),27.89
Mark Anderson (2017),27.88
Peter Malnati (2017),27.78
James Hahn (2017),27.78
Brad Fritsch (2017),27.78
Daniel Summerhays (2017),27.78
Ian Poulter (2017),27.78
Miguel Angel Carballo (2017),27.72
Spencer Levin (2017),27.72
K.J. Choi (2017),27.61
Bill Haas (2017),27.53
Seamus Power (2017),27.51
David Hearn (2017),27.5
Patrick Cantlay (2017),27.48
Rod Pampling (2017),27.37
Steven Alker (2017),27.33
Billy Hurley III (2017),27.17
Ryan Armour (2017),27.13
Scott Stallings (2017),27.04
Trey Mullinax (2017),26.98
Lucas Glover (2017),26.94
J.T. Poston (2017),26.92
Jason Bohn (2017),26.84
Tyrone Van Aswegen (2017),26.57
Jason Kokrak (2017),26.27
Tony Finau (2017),26.23
Boo Weekley (2017),26.14
Tim Wilkinson (2017),26.13
Chris Stroud (2017),25.95
Chad Campbell (2017),25.82
Retief Goosen (2017),25.78
Dustin Johnson (2017),25.77
Si Woo Kim (2017),25.61
Jonathan Randolph (2017),25.35
Roberto Castro (2017),25.32
J.J. Henry (2017),25.26
Cameron Smith (2017),25.12
Ricky Barnes (2017),25.12
Kyle Reifers (2017),24.86
Rick Lamb (2017),24.55
Robert Garrigus (2017),24.47
Kevin Chappell (2017),23.83
Rory Sabbatini (2017),23.75
Ryan Palmer (2017),22.45
Rory McIlroy (2017),22.33
Ryo Ishikawa (2017),22.13
Rob Oppenheim (2018),39.46
Phil Mickelson (2018),38.73
Dominic Bozzelli (2018),38.1
Adam Hadwin (2018),37.7
Marc Leishman (2018),37.37
Andrew Putnam (2018),37.31
Jim Furyk (2018),37.3
Cameron Percy (2018),37.17
Whee Kim (2018),36.36
Charles Howell III (2018),36.27
Ben Silverman (2018),36.19
Branden Grace (2018),36
Anirban Lahiri (2018),36
Brett Stegmaier (2018),35.76
Rory Sabbatini (2018),35.71
Chris Stroud (2018),35.33
Peter Malnati (2018),35.32
Nicholas Lindheim (2018),35.15
Rafa Cabrera Bello (2018),35.04
Brian Stuard (2018),35.02
Jason Day (2018),34.81
Beau Hossler (2018),34.52
Aaron Wise (2018),34.45
Graeme McDowell (2018),34.4
Greg Chalmers (2018),34.34
Billy Horschel (2018),34.33
Harris English (2018),34.27
Jimmy Walker (2018),34.13
"Ted Potter, Jr. (2018)",34.13
Troy Merritt (2018),34.12
Emiliano Grillo (2018),33.97
Seamus Power (2018),33.91
Rod Pampling (2018),33.87
Jason Dufner (2018),33.8
Daniel Summerhays (2018),33.64
D.A. Points (2018),33.59
Chez Reavie (2018),33.55
Matt Kuchar (2018),33.53
Dustin Johnson (2018),33.53
Patrick Cantlay (2018),33.5
Webb Simpson (2018),33.47
Jason Kokrak (2018),33.33
Brandon Harkins (2018),33.33
Denny McCarthy (2018),33.33
Rickie Fowler (2018),33.16
Tommy Fleetwood (2018),33.12
Tiger Woods (2018),32.92
Danny Lee (2018),32.88
Hunter Mahan (2018),32.87
Ollie Schniederjans (2018),32.86
Satoshi Kodaira (2018),32.8
Austin Cook (2018),32.68
Tyrrell Hatton (2018),32.65
Kevin Na (2018),32.63
Justin Rose (2018),32.61
Martin Piller (2018),32.4
Brian Gay (2018),32.38
Johnson Wagner (2018),32.37
Michael Thompson (2018),32.21
Ian Poulter (2018),32.14
Charl Schwartzel (2018),32.14
Daniel Berger (2018),32.11
Matt Jones (2018),32.03
Stewart Cink (2018),31.95
Ben Crane (2018),31.93
Gary Woodland (2018),31.92
Russell Henley (2018),31.9
J.T. Poston (2018),31.88
Jordan Spieth (2018),31.71
Patrick Rodgers (2018),31.71
William McGirt (2018),31.63
Cameron Tringale (2018),31.62
Corey Conners (2018),31.58
J.B. Holmes (2018),31.55
Ryan Moore (2018),31.47
Kelly Kraft (2018),31.41
Adam Scott (2018),31.29
Tony Finau (2018),31.25
Jon Rahm (2018),31.25
Brandt Snedeker (2018),31.22
Jonas Blixt (2018),31.2
Bryson DeChambeau (2018),31.19
Shawn Stefani (2018),31.18
Mackenzie Hughes (2018),31.18
Matt Atkins (2018),31.07
Vaughn Taylor (2018),30.96
Brian Harman (2018),30.93
Hudson Swafford (2018),30.88
Steve Wheatcroft (2018),30.77
Byeong Hun An (2018),30.73
Zach Johnson (2018),30.7
Adam Schenk (2018),30.68
Paul Casey (2018),30.65
John Huh (2018),30.64
Brooks Koepka (2018),30.63
Ben Martin (2018),30.61
Tom Lovelady (2018),30.58
David Lingmerth (2018),30.57
Stephan Jaeger (2018),30.56
Justin Thomas (2018),30.43
Ricky Barnes (2018),30.4
C.T. Pan (2018),30.37
Ryan Blaum (2018),30.29
Chesson Hadley (2018),30.25
Jamie Lovemark (2018),30.24
Roberto Díaz (2018),30.07
Alex Noren (2018),30
Sung Kang (2018),29.9
Bud Cauley (2018),29.81
Bronson Burgoon (2018),29.78
Jhonattan Vegas (2018),29.73
Grayson Murray (2018),29.71
Billy Hurley III (2018),29.55
Kyle Stanley (2018),29.51
Richy Werenski (2018),29.47
Wesley Bryan (2018),29.37
Nick Watney (2018),29.33
Fabián Gómez (2018),29.32
Talor Gooch (2018),29.28
Bill Haas (2018),29.24
Bubba Watson (2018),29.19
Russell Knox (2018),29.19
Tom Hoge (2018),29.12
Nick Taylor (2018),29.09
Scott Stallings (2018),29.05
Cameron Smith (2018),28.95
Xinjun Zhang (2018),28.77
Derek Fathauer (2018),28.74
Abraham Ancer (2018),28.69
Hideki Matsuyama (2018),28.65
Lucas Glover (2018),28.57
Martin Flores (2018),28.57
Harold Varner III (2018),28.57
Xander Schauffele (2018),28.5
Jonathan Byrd (2018),28.48
Lanto Griffin (2018),28.31
Conrad Shindler (2018),28.3
Pat Perez (2018),28.29
Rory McIlroy (2018),28.26
Ethan Tracy (2018),28.26
Scott Brown (2018),28.22
Sam Saunders (2018),28.21
J.J. Spaun (2018),28.21
Kiradech Aphibarnrat (2018),28.18
Henrik Stenson (2018),28.13
Zac Blair (2018),27.91
Keith Mitchell (2018),27.8
David Hearn (2018),27.78
Aaron Baddeley (2018),27.65
Tyrone Van Aswegen (2018),27.65
Chris Kirk (2018),27.59
Trey Mullinax (2018),27.59
Kevin Tway (2018),27.27
Andrew Yun (2018),27.27
Michael Kim (2018),27.22
Blayne Barber (2018),27.11
Brendan Steele (2018),27.08
J.J. Henry (2018),27.07
Ryan Palmer (2018),27.03
Shane Lowry (2018),27.03
Scott Piercy (2018),27.01
Kevin Streelman (2018),26.92
Matt Every (2018),26.82
Ryan Armour (2018),26.77
Joel Dahmen (2018),26.73
Alex Cejka (2018),26.71
Nate Lashley (2018),26.6
Patton Kizzire (2018),26.51
Brice Garnett (2018),26.39
Keegan Bradley (2018),26.36
Patrick Reed (2018),26.35
Charley Hoffman (2018),26.26
Peter Uihlein (2018),25.98
Tyler Duncan (2018),25.78
Sam Ryder (2018),25.74
Luke List (2018),25.73
Cody Gribble (2018),25.52
Robert Garrigus (2018),25.51
Retief Goosen (2018),25.42
Chad Campbell (2018),25.41
Sean O'Hair (2018),25
Kevin Chappell (2018),25
Jonathan Randolph (2018),24.86
Zecheng Dou (2018),24.27
Andrew Landry (2018),24.26
Si Woo Kim (2018),24.12
James Hahn (2018),23.91
Robert Streb (2018),23.38
Kevin Kisner (2018),23.08
Martin Laird (2018),22.88
Louis Oosthuizen (2018),21.77
Kyle Thompson (2018),21.3
Francesco Molinari (2018),19.59
